Date,Open,High,Low,Close,Volume,Name
2006-01-04,82.2,82.5,81.33,81.95,9840600,IBM
2006-01-06,83.95,85.03,83.41,84.95,8197400,IBM
2006-01-10,83.15,84.12,83.12,84.07,5701000,IBM
2006-01-12,83.82,83.96,83.4,83.57,4926500,IBM
2006-01-17,82.8,83.16,82.54,83.0,8761700,IBM
2006-01-19,84.14,84.39,83.02,83.09,6484000,IBM
2006-01-23,81.33,81.92,80.92,81.41,6114100,IBM
2006-01-25,81.05,81.62,80.61,80.91,6374300,IBM
2006-01-27,80.75,81.77,80.75,81.02,6103400,IBM
2006-01-31,81.5,82.0,81.17,81.3,6771600,IBM
2006-02-02,81.45,81.59,80.9,81.23,6198000,IBM
2006-02-06,79.94,79.95,78.93,79.51,9568600,IBM
2006-02-08,80.58,80.9,80.24,80.8,5030500,IBM
2006-02-10,80.4,81.46,80.2,81.33,5371900,IBM
2006-02-14,80.55,81.45,80.35,81.09,6075500,IBM
2006-02-16,80.68,80.91,80.13,80.91,5310500,IBM
2006-02-21,80.1,80.75,79.97,80.5,5839100,IBM
2006-02-23,81.2,81.34,80.04,80.2,4979900,IBM
2006-02-27,79.97,80.89,79.95,80.63,3787200,IBM
2006-03-01,80.2,80.81,79.78,79.9,5211600,IBM
2006-03-03,79.51,80.83,79.51,79.96,4354400,IBM
2006-03-07,80.01,80.79,79.86,80.29,4330800,IBM
2006-03-09,81.26,81.98,80.8,81.02,4310700,IBM
2006-03-13,81.56,82.4,81.45,81.93,4571400,IBM
2006-03-15,82.65,83.76,82.64,83.38,5370400,IBM
2006-03-17,83.35,83.41,82.82,83.3,6414500,IBM
2006-03-21,83.82,84.99,83.58,83.81,7404300,IBM
2006-03-23,84.23,84.27,82.93,83.2,5105800,IBM
2006-03-27,82.98,83.26,82.58,83.08,3910100,IBM
2006-03-29,82.2,83.55,82.2,83.13,4633800,IBM
2006-03-31,82.95,83.6,82.29,82.47,5862000,IBM
2006-04-04,83.05,83.78,82.8,83.45,3856200,IBM
2006-04-06,83.7,84.32,83.36,83.81,4944100,IBM
2006-04-10,82.27,82.74,82.0,82.1,3631300,IBM
2006-04-12,81.1,81.37,80.63,80.75,3905700,IBM
2006-04-17,81.92,82.92,81.4,81.64,4634200,IBM
2006-04-19,83.95,84.0,81.26,81.86,10555200,IBM
2006-04-21,82.49,82.5,81.38,81.66,6117400,IBM
2006-04-25,81.95,82.9,81.6,82.67,6857400,IBM
2006-04-27,82.7,84.4,82.7,83.88,8174300,IBM
2006-05-01,82.59,83.31,82.1,82.23,6011400,IBM
2006-05-03,82.54,83.29,82.45,82.7,5721100,IBM
2006-05-05,82.95,83.34,82.7,83.28,4504700,IBM
2006-05-09,82.49,83.29,82.4,83.23,4072800,IBM
2006-05-11,82.65,83.09,82.45,82.46,5274500,IBM
2006-05-15,81.8,83.15,81.8,82.89,5778500,IBM
2006-05-17,81.75,82.21,81.02,81.27,5936400,IBM
2006-05-19,80.86,81.0,79.51,80.28,7019100,IBM
2006-05-23,80.25,81.3,79.64,79.83,5010300,IBM
2006-05-25,79.89,80.18,79.65,80.14,3995200,IBM
2006-05-30,80.35,80.96,80.15,80.16,5049100,IBM
2006-06-01,79.89,80.87,79.81,80.69,4866500,IBM
2006-06-05,79.1,80.04,79.01,79.06,5556000,IBM
2006-06-07,79.78,80.74,79.12,79.15,7925300,IBM
2006-06-09,77.24,78.1,77.05,77.63,6135400,IBM
2006-06-13,77.14,77.93,76.82,76.93,7374200,IBM
2006-06-15,77.85,78.78,76.95,78.56,6679800,IBM
2006-06-19,77.9,78.3,77.34,77.67,5303100,IBM
2006-06-21,77.99,78.56,77.98,78.3,5615900,IBM
2006-06-23,77.15,77.84,76.94,77.1,4520600,IBM
2006-06-27,77.32,77.6,76.32,76.63,5597000,IBM
2006-06-29,76.89,77.8,76.56,77.59,5449200,IBM
2006-07-03,77.54,78.27,77.27,78.02,3177300,IBM
2006-07-06,77.59,78.53,77.57,78.09,4333100,IBM
2006-07-10,76.18,76.83,75.87,76.67,7154700,IBM
2006-07-12,76.07,76.3,74.82,75.48,8372100,IBM
2006-07-14,74.24,74.3,73.37,73.57,6957800,IBM
2006-07-18,73.7,74.42,72.73,74.26,8730600,IBM
2006-07-20,75.73,75.88,75.2,75.48,12216500,IBM
2006-07-24,74.92,76.15,74.92,75.99,5611200,IBM
2006-07-26,75.48,76.3,75.36,75.83,3870100,IBM
2006-07-28,76.38,77.3,76.26,76.96,4165700,IBM
2006-08-01,76.65,77.38,75.75,76.14,4406800,IBM
2006-08-03,76.0,76.73,74.9,76.33,2765800,IBM
2006-08-07,75.63,76.2,75.28,75.52,4034200,IBM
2006-08-09,75.56,76.28,75.39,75.39,4480800,IBM
2006-08-11,75.34,75.78,75.2,75.48,3696100,IBM
2006-08-15,76.9,77.14,76.31,77.08,5985400,IBM
2006-08-17,78.93,79.56,78.53,79.37,5602300,IBM
2006-08-21,79.51,79.88,78.87,79.28,3676500,IBM
2006-08-23,78.95,79.47,78.42,78.67,3428500,IBM
2006-08-25,79.2,80.0,79.14,79.88,3428100,IBM
2006-08-29,80.06,81.48,80.06,81.4,5208500,IBM
2006-08-31,81.3,81.5,80.78,80.97,3786200,IBM
2006-09-05,81.19,81.54,80.6,80.85,3968500,IBM
2006-09-07,79.9,80.38,79.31,79.4,3913600,IBM
2006-09-11,80.6,81.2,80.25,80.93,4316200,IBM
2006-09-13,82.25,82.7,81.84,82.21,4980200,IBM
2006-09-15,83.21,83.59,82.79,82.94,8203800,IBM
2006-09-19,81.97,82.09,81.42,81.87,5088700,IBM
2006-09-21,82.61,83.25,81.35,81.61,8909000,IBM
2006-09-25,81.65,82.28,81.28,82.0,5685100,IBM
2006-09-27,82.0,82.67,81.71,82.09,5881600,IBM
2006-09-29,81.9,82.79,81.77,81.94,4770700,IBM
2006-10-03,81.88,82.26,81.56,81.65,4838500,IBM
2006-10-05,82.81,83.21,82.6,82.92,4956700,IBM
2006-10-09,83.14,84.08,83.0,84.0,4490200,IBM
2006-10-11,84.15,84.69,83.79,84.19,5210600,IBM
2006-10-13,84.45,86.21,84.44,86.08,7788600,IBM
2006-10-17,86.33,87.94,86.22,86.95,13338000,IBM
2006-10-19,89.8,90.98,89.31,89.86,10676400,IBM
2006-10-23,90.05,92.0,90.01,91.56,8862300,IBM
2006-10-25,91.21,91.99,90.94,91.83,6122100,IBM
2006-10-27,90.91,91.89,90.58,90.76,5840300,IBM
2006-10-31,91.5,92.68,91.5,92.33,9267600,IBM
2006-11-02,91.8,91.95,91.25,91.68,4895200,IBM
2006-11-06,91.5,92.74,91.5,92.6,6240900,IBM
2006-11-08,92.25,92.92,92.01,92.59,6022200,IBM
2006-11-10,92.3,92.35,91.63,91.76,5369600,IBM
2006-11-14,92.0,93.29,91.65,93.29,5873000,IBM
2006-11-16,93.07,93.6,92.6,93.47,4171500,IBM
2006-11-20,93.6,93.8,93.01,93.25,5010600,IBM
2006-11-22,92.9,93.74,92.8,93.52,3351700,IBM
2006-11-27,92.71,93.24,91.12,91.45,6284000,IBM
2006-11-29,91.35,91.66,91.01,91.52,4623000,IBM
2006-12-01,91.9,91.91,90.55,91.25,5446700,IBM
2006-12-05,93.51,94.64,93.44,94.48,6886200,IBM
2006-12-07,94.0,94.43,93.55,94.23,4310800,IBM
2006-12-11,93.72,94.35,93.56,93.64,3459200,IBM
2006-12-13,94.78,95.33,94.5,94.77,6441300,IBM
2006-12-15,95.61,95.8,95.05,95.3,8086700,IBM
2006-12-19,95.1,96.39,94.91,96.0,4933400,IBM
2006-12-21,95.78,96.5,95.53,95.91,4406200,IBM
2006-12-26,95.0,95.81,94.92,95.66,2278700,IBM
2006-12-28,97.11,97.4,96.87,96.97,4501900,IBM
2007-01-03,97.18,98.4,96.26,97.27,9199500,IBM
2007-01-05,97.6,97.95,96.91,97.42,7222900,IBM
2007-01-09,99.08,100.33,99.07,100.07,11108900,IBM
2007-01-11,99.0,99.9,98.5,98.65,8000800,IBM
2007-01-16,99.4,100.84,99.3,100.82,9602200,IBM
2007-01-18,99.8,99.95,98.91,99.45,14725000,IBM
2007-01-22,96.42,97.23,96.12,97.11,13540700,IBM
2007-01-24,97.08,97.58,96.58,97.4,5700000,IBM
2007-01-26,97.52,97.83,96.84,97.45,5771200,IBM
2007-01-30,98.57,99.45,98.5,99.37,7178000,IBM
2007-02-01,98.97,99.18,97.96,99.0,6612400,IBM
2007-02-05,99.17,100.44,98.9,100.38,8309900,IBM
2007-02-07,99.8,100.36,99.12,99.54,7698200,IBM
2007-02-09,99.52,99.7,97.81,98.55,6101300,IBM
2007-02-13,98.6,98.74,97.8,98.29,5703015,IBM
2007-02-15,99.06,99.52,98.48,98.92,5568600,IBM
2007-02-20,98.66,99.46,98.55,99.35,4124200,IBM
2007-02-22,98.8,99.5,97.77,98.5,5902500,IBM
2007-02-26,97.86,97.86,96.46,96.91,5923691,IBM
2007-02-28,93.71,94.09,92.47,92.94,12191600,IBM
2007-03-02,92.0,92.37,90.84,90.9,9451500,IBM
2007-03-06,91.81,93.89,92.26,93.8,9184500,IBM
2007-03-08,94.5,94.82,92.52,93.0,7404500,IBM
2007-03-12,93.68,94.17,92.97,94.11,5531300,IBM
2007-03-14,94.11,94.03,92.1,93.76,8714065,IBM
2007-03-16,94.45,94.45,93.02,93.25,8733050,IBM
2007-03-20,94.0,94.53,93.55,94.5,4560000,IBM
2007-03-22,95.1,95.44,94.65,95.19,5993550,IBM
2007-03-26,95.0,95.25,94.32,95.0,6729345,IBM
2007-03-28,93.9,95.02,93.8,94.26,8128557,IBM
2007-03-30,94.24,94.75,93.57,94.26,7638050,IBM
2007-04-03,95.45,96.23,95.33,96.1,5730800,IBM
2007-04-05,95.98,96.75,95.75,96.52,3307100,IBM
2007-04-10,96.4,96.8,96.16,96.46,3596400,IBM
2007-04-12,95.16,95.82,94.53,95.67,7085294,IBM
2007-04-16,94.99,96.3,94.72,96.18,6865100,IBM
2007-04-18,94.8,95.91,94.4,94.8,15871734,IBM
2007-04-20,95.02,95.15,93.91,94.58,9340296,IBM
2007-04-24,97.23,99.9,97.23,98.49,21494578,IBM
2007-04-26,101.0,101.5,100.21,100.9,8615188,IBM
2007-04-30,101.11,103.0,100.97,102.21,10050699,IBM
2007-05-02,102.8,103.14,102.13,102.22,7045178,IBM
2007-05-04,102.75,103.03,102.25,102.96,5469734,IBM
2007-05-08,102.42,103.39,102.21,103.29,5972400,IBM
2007-05-10,103.82,105.11,103.71,104.68,8959800,IBM
2007-05-14,105.81,106.25,104.79,105.57,5732600,IBM
2007-05-16,105.1,105.89,104.53,105.87,5613508,IBM
2007-05-18,105.84,108.05,105.6,107.99,9857500,IBM
2007-05-22,106.95,107.25,106.01,106.7,5314320,IBM
2007-05-24,105.45,105.98,103.57,103.95,6927000,IBM
2007-05-29,105.57,106.63,105.3,105.91,5420700,IBM
2007-05-31,107.26,107.67,106.0,106.6,5106300,IBM
2007-06-04,106.5,106.59,105.58,106.23,4573470,IBM
2007-06-06,105.84,105.51,102.39,102.41,30774276,IBM
2007-06-08,101.8,103.21,101.75,103.07,8223300,IBM
2007-06-12,103.11,103.18,102.15,102.34,5578530,IBM
2007-06-14,103.1,104.24,102.81,103.85,5166300,IBM
2007-06-18,105.27,105.65,104.89,105.33,6373424,IBM
2007-06-20,106.5,107.02,105.95,106.0,6542010,IBM
2007-06-22,105.96,106.44,104.44,104.44,10822600,IBM
2007-06-26,105.1,106.06,104.82,105.33,5229600,IBM
2007-06-28,105.52,106.92,105.22,105.95,5430900,IBM
2007-07-02,105.39,105.8,104.58,105.01,4702454,IBM
2007-07-05,106.31,108.39,105.98,108.05,6671400,IBM
2007-07-09,108.73,109.35,108.2,108.97,6046268,IBM
2007-07-11,108.3,109.6,108.25,109.1,5889600,IBM
2007-07-13,108.75,109.2,108.1,108.6,7124067,IBM
2007-07-17,109.66,111.47,109.45,110.77,7619829,IBM
2007-07-19,115.0,116.48,114.65,115.86,17284009,IBM
2007-07-23,114.88,116.43,114.85,116.38,8043200,IBM
2007-07-25,116.19,118.38,115.24,118.1,11342618,IBM
2007-07-27,116.62,117.95,115.62,115.62,18138635,IBM
2007-07-31,114.72,114.72,110.02,110.65,17816454,IBM
2007-08-02,112.1,114.05,111.5,113.23,11322857,IBM
2007-08-06,111.97,113.89,111.7,113.89,7245595,IBM
2007-08-08,114.3,114.6,112.26,112.98,7681519,IBM
2007-08-10,109.75,113.5,109.7,112.64,9592142,IBM
2007-08-14,112.83,113.15,111.74,112.05,5615443,IBM
2007-08-16,111.23,111.42,103.7,109.69,16723398,IBM
2007-08-20,110.9,111.1,109.13,109.22,9840612,IBM
2007-08-22,110.09,110.5,109.15,110.0,6330400,IBM
2007-08-24,111.45,113.25,110.81,113.24,7058700,IBM
2007-08-28,112.9,113.59,111.63,112.0,6006667,IBM
2007-08-30,114.57,116.0,113.62,115.37,7756100,IBM
2007-09-04,116.34,118.89,116.15,118.19,8071653,IBM
2007-09-06,117.88,118.75,116.24,117.62,6778614,IBM
2007-09-10,116.15,117.5,115.32,115.8,6120700,IBM
2007-09-12,116.95,117.4,115.69,116.0,6289315,IBM
2007-09-14,115.05,116.0,114.65,115.13,6904373,IBM
2007-09-18,115.0,116.78,114.83,116.63,7839600,IBM
2007-09-20,116.27,117.65,116.2,116.86,5807863,IBM
2007-09-24,116.9,117.43,115.85,116.25,5734283,IBM
2007-09-26,116.94,118.08,116.75,117.3,6695800,IBM
2007-09-28,117.14,118.5,117.1,117.8,7720200,IBM
2007-10-02,119.31,119.6,118.14,118.36,6912187,IBM
2007-10-04,116.2,116.75,115.0,115.69,6178181,IBM
2007-10-08,116.1,118.23,115.88,117.77,4823300,IBM
2007-10-10,118.0,118.8,117.68,118.62,5913800,IBM
2007-10-12,118.5,118.89,117.28,117.81,5657396,IBM
2007-10-16,118.02,119.94,117.5,119.6,11527300,IBM
2007-10-18,114.82,116.41,114.44,114.8,7737110,IBM
2007-10-22,110.97,113.88,110.96,113.37,7576895,IBM
2007-10-24,114.2,114.45,111.68,112.95,8072700,IBM
2007-10-26,113.0,114.0,112.07,113.73,5030300,IBM
2007-10-30,114.5,114.9,113.75,114.12,4016300,IBM
2007-11-01,115.5,116.09,113.32,113.65,7594402,IBM
2007-11-05,115.11,115.11,112.83,113.4,7159407,IBM
2007-11-07,113.56,113.64,110.9,111.08,7088284,IBM
2007-11-09,104.92,104.92,99.27,100.25,18084552,IBM
2007-11-13,102.73,105.74,102.5,105.27,10777961,IBM
2007-11-15,103.24,105.64,103.05,103.6,8380171,IBM
2007-11-19,104.34,105.39,101.34,102.22,9504656,IBM
2007-11-21,101.41,104.09,101.41,102.22,7097131,IBM
2007-11-26,104.26,105.15,101.72,101.97,7339966,IBM
2007-11-28,104.82,108.27,104.36,107.37,9397627,IBM
2007-11-30,108.57,109.19,103.93,105.18,12900375,IBM
2007-12-04,105.41,107.42,104.72,106.63,6361726,IBM
2007-12-06,108.0,110.0,107.93,109.7,5315645,IBM
2007-12-10,109.38,110.26,109.0,109.39,4442167,IBM
2007-12-12,109.17,110.2,107.38,108.47,7879853,IBM
2007-12-14,107.31,107.56,104.1,105.77,9711145,IBM
2007-12-18,105.08,106.97,104.13,106.31,8042727,IBM
2007-12-20,107.78,109.49,107.61,108.84,8031009,IBM
2007-12-24,111.2,112.0,110.55,111.65,2342363,IBM
2007-12-27,110.53,111.3,109.49,109.6,4514761,IBM
2007-12-31,109.51,110.0,107.26,108.1,5732866,IBM
2008-01-03,104.83,105.57,103.98,104.9,7529206,IBM
2008-01-07,100.25,101.0,99.03,100.05,12650525,IBM
2008-01-09,97.76,99.15,97.16,98.31,10922994,IBM
2008-01-11,99.2,99.46,97.04,97.67,8959860,IBM
2008-01-15,102.03,104.64,101.23,101.83,11636336,IBM
2008-01-17,102.0,103.45,100.05,101.1,11649716,IBM
2008-01-22,98.55,103.09,98.55,101.22,15133331,IBM
2008-01-24,106.38,107.51,104.68,106.91,13026801,IBM
2008-01-28,104.44,105.77,103.83,104.98,7858457,IBM
2008-01-30,105.85,107.65,104.86,105.65,7432496,IBM
2008-02-01,107.16,109.4,105.86,109.08,8047060,IBM
2008-02-05,107.06,108.05,104.68,105.02,9048942,IBM
2008-02-07,102.89,104.0,100.6,102.34,11255881,IBM
2008-02-11,103.05,105.55,102.87,105.14,6098285,IBM
2008-02-13,107.13,108.93,106.8,108.42,6608578,IBM
2008-02-15,105.27,106.25,105.0,106.16,6235628,IBM
2008-02-20,105.43,108.21,104.53,107.85,7672837,IBM
2008-02-22,107.14,108.48,105.71,108.07,7917196,IBM
2008-02-26,109.52,114.99,109.05,114.38,18651706,IBM
2008-02-28,115.6,115.9,114.56,115.24,7227169,IBM
2008-03-03,113.86,114.81,113.48,114.23,6335786,IBM
2008-03-05,116.41,116.41,114.25,115.39,8434891,IBM
2008-03-07,111.85,114.75,111.8,113.94,8124883,IBM
2008-03-11,115.8,116.56,114.04,116.49,10992406,IBM
2008-03-13,115.69,116.78,113.64,115.91,9548828,IBM
2008-03-17,113.0,117.04,113.0,115.55,9281092,IBM
2008-03-19,118.29,118.5,116.65,116.94,9314339,IBM
2008-03-24,118.57,119.79,118.13,119.06,8398344,IBM
2008-03-26,117.59,117.97,114.96,116.91,9617148,IBM
2008-03-28,115.86,116.75,114.21,114.57,6600901,IBM
2008-04-01,115.2,118.37,114.97,116.49,11877038,IBM
2008-04-03,114.35,116.82,113.86,116.02,7052875,IBM
2008-04-07,116.37,117.37,115.82,116.31,6181189,IBM
2008-04-09,116.5,117.72,115.72,116.77,6819018,IBM
2008-04-11,117.31,117.8,115.51,116.0,9561275,IBM
2008-04-15,117.1,117.67,115.54,117.17,8643796,IBM
2008-04-17,122.39,123.72,120.7,123.08,19002761,IBM
2008-04-21,123.62,124.51,122.05,124.35,6953989,IBM
2008-04-23,123.69,124.78,122.64,123.6,7593274,IBM
2008-04-25,124.5,124.5,122.06,123.08,6316517,IBM
2008-04-29,122.04,123.2,122.04,122.85,7226458,IBM
2008-05-01,121.06,124.43,121.06,123.61,8230753,IBM
2008-05-05,122.29,123.25,121.74,122.03,6360332,IBM
2008-05-07,122.78,124.98,122.41,124.14,11406753,IBM
2008-05-09,124.37,124.65,123.63,124.06,5502095,IBM
2008-05-13,125.12,126.7,125.03,126.58,9693364,IBM
2008-05-15,127.33,128.68,126.9,128.46,7227965,IBM
2008-05-19,127.68,128.21,126.05,126.49,6385449,IBM
2008-05-21,125.05,126.4,123.02,123.62,8334760,IBM
2008-05-23,124.35,124.91,123.77,124.2,4701489,IBM
2008-05-28,127.5,129.54,126.99,129.54,9875570,IBM
2008-05-30,129.22,129.99,128.8,129.43,8652886,IBM
2008-06-03,127.47,129.0,127.46,127.84,7238549,IBM
2008-06-05,127.41,129.04,127.2,128.47,6153767,IBM
2008-06-09,125.38,126.18,124.06,125.86,5584925,IBM
2008-06-11,125.9,125.9,122.86,123.25,7207672,IBM
2008-06-13,124.42,126.57,124.15,126.15,6379729,IBM
2008-06-17,127.1,127.1,124.62,125.1,5278080,IBM
2008-06-19,123.67,125.62,122.36,125.02,7570333,IBM
2008-06-23,123.0,124.5,122.4,123.46,5862919,IBM
2008-06-25,123.67,125.83,123.2,124.58,7134982,IBM
2008-06-27,121.02,122.05,118.26,120.05,11660356,IBM
2008-07-01,117.5,119.36,116.6,119.27,10070580,IBM
2008-07-03,119.95,120.78,117.89,119.54,6117601,IBM
2008-07-08,120.55,123.99,120.55,123.88,9813737,IBM
2008-07-10,120.66,123.54,120.66,123.18,10053506,IBM
2008-07-14,123.51,124.25,121.24,121.54,8317305,IBM
2008-07-16,122.81,126.89,122.25,125.94,9899553,IBM
2008-07-18,125.81,130.0,125.42,129.89,18317944,IBM
2008-07-22,127.5,130.0,127.26,130.0,11428578,IBM
2008-07-24,129.06,130.93,128.8,130.0,8946618,IBM
2008-07-28,127.69,128.44,126.13,126.25,6096738,IBM
2008-07-30,128.12,129.0,127.09,128.86,5826411,IBM
2008-08-01,128.52,129.3,126.28,126.64,4939828,IBM
2008-08-05,128.2,128.9,127.08,128.87,6969898,IBM
2008-08-07,128.3,129.97,127.9,129.05,6633491,IBM
2008-08-11,128.43,128.43,125.75,126.6,7490435,IBM
2008-08-13,125.0,126.99,124.75,125.8,5857792,IBM
2008-08-15,127.07,127.19,125.35,126.36,5566474,IBM
2008-08-19,123.63,124.79,122.01,122.56,9313594,IBM
2008-08-21,121.58,123.43,121.55,122.99,6314975,IBM
2008-08-25,124.48,124.93,122.7,122.86,5827382,IBM
2008-08-27,122.42,124.85,122.18,123.38,5845404,IBM
2008-08-29,123.71,123.99,121.63,121.73,7156221,IBM
2008-09-03,118.34,118.65,115.15,118.34,11317003,IBM
2008-09-05,114.15,115.09,113.17,114.33,8813693,IBM
2008-09-09,117.78,118.1,115.0,115.04,8106710,IBM
2008-09-11,116.6,119.37,116.11,119.2,9737314,IBM
2008-09-15,115.36,118.41,115.19,115.19,9952555,IBM
2008-09-17,114.79,115.5,110.61,111.47,12297971,IBM
2008-09-19,119.59,124.0,117.5,118.85,14436424,IBM
2008-09-23,116.21,118.17,114.14,115.36,8013445,IBM
2008-09-25,117.75,121.99,116.12,120.11,6540753,IBM
2008-09-29,117.44,118.43,109.95,114.46,9586679,IBM
2008-10-01,115.51,116.8,107.75,110.13,13137706,IBM
2008-10-03,105.16,110.95,103.03,103.44,9638051,IBM
2008-10-07,101.5,102.62,94.24,95.65,11416625,IBM
2008-10-09,95.29,95.31,88.23,89.0,21294775,IBM
2008-10-13,90.44,93.61,86.95,92.21,17107990,IBM
2008-10-15,92.77,95.29,87.71,88.29,11335516,IBM
2008-10-17,91.75,95.91,87.71,90.78,15231901,IBM
2008-10-21,92.22,92.46,88.57,88.86,9719965,IBM
2008-10-23,84.09,85.89,81.0,84.35,12357997,IBM
2008-10-27,80.27,84.5,79.01,79.66,11111740,IBM
2008-10-29,87.74,91.0,86.25,88.2,12694212,IBM
2008-10-31,90.9,94.19,89.03,92.97,10506533,IBM
2008-11-04,94.76,94.76,92.07,93.4,10174199,IBM
2008-11-06,87.68,88.83,84.28,85.15,12525214,IBM
2008-11-10,87.99,88.1,82.74,83.87,9849063,IBM
2008-11-12,80.73,82.4,79.57,79.74,11369331,IBM
2008-11-14,82.63,85.4,79.5,80.33,12025365,IBM
2008-11-18,79.13,80.93,77.0,80.08,13051229,IBM
2008-11-20,75.0,78.39,70.51,71.74,17634937,IBM
2008-11-24,75.74,82.09,75.0,79.89,15023725,IBM
2008-11-26,79.52,81.79,78.61,81.67,8240531,IBM
2008-12-01,80.95,81.36,76.79,76.9,10264956,IBM
2008-12-03,78.62,81.0,76.99,80.67,9757965,IBM
2008-12-05,76.78,81.5,75.31,80.59,11211940,IBM
2008-12-09,83.82,85.43,82.2,82.69,9359474,IBM
2008-12-11,81.5,82.86,79.77,80.58,10687044,IBM
2008-12-15,82.51,83.54,80.0,82.77,8848400,IBM
2008-12-17,85.44,87.27,84.66,85.84,8778569,IBM
2008-12-19,85.22,85.22,82.97,83.52,13099430,IBM
2008-12-23,82.35,82.81,80.13,80.6,6386299,IBM
2008-12-26,80.93,81.8,80.55,81.33,3102677,IBM
2008-12-30,81.83,83.64,81.52,83.55,5774769,IBM
2009-01-02,83.89,87.59,83.89,87.37,7558627,IBM
2009-01-06,87.11,90.41,86.37,89.23,9653234,IBM
2009-01-08,87.81,88.14,85.98,87.18,7231753,IBM
2009-01-12,84.57,86.6,84.42,85.71,8072871,IBM
2009-01-14,84.2,84.82,82.11,83.19,9470642,IBM
2009-01-16,84.61,85.74,83.08,84.92,11245580,IBM
2009-01-21,86.29,91.6,86.0,91.42,24908525,IBM
2009-01-23,88.4,90.7,87.81,89.49,10256388,IBM
2009-01-27,91.77,91.97,90.5,91.66,8721601,IBM
2009-01-29,93.58,94.58,92.02,92.51,9234105,IBM
2009-02-02,90.6,91.86,89.69,90.93,9926980,IBM
2009-02-04,93.74,94.91,91.82,92.83,10191929,IBM
2009-02-06,92.51,97.1,91.65,96.14,13063843,IBM
2009-02-10,95.58,96.82,92.96,93.27,13541935,IBM
2009-02-12,94.41,95.2,92.2,95.07,9918736,IBM
2009-02-17,91.73,92.49,90.5,90.67,8906784,IBM
2009-02-19,91.06,92.16,88.45,88.93,12624634,IBM
2009-02-23,89.3,89.33,84.19,84.37,13509701,IBM
2009-02-25,86.0,87.12,82.85,85.9,12646705,IBM
2009-02-27,88.12,93.28,88.01,92.03,21312536,IBM
2009-03-03,90.16,90.18,87.19,87.77,13745837,IBM
2009-03-05,88.13,90.16,87.02,87.48,14933403,IBM
2009-03-09,84.7,86.8,83.02,83.48,13153048,IBM
2009-03-11,87.51,89.54,86.72,88.62,11824127,IBM
2009-03-13,90.4,90.65,89.29,90.36,9112201,IBM
2009-03-17,91.11,92.91,90.45,92.91,11490142,IBM
2009-03-19,92.84,93.35,91.51,92.66,9899994,IBM
2009-03-23,93.7,98.71,93.7,98.71,12408203,IBM
2009-03-25,98.47,99.86,96.09,97.95,12017509,IBM
2009-03-27,95.99,96.0,92.75,94.15,15746911,IBM
2009-03-31,94.96,98.66,94.85,96.89,14553959,IBM
2009-04-02,99.15,101.99,98.38,100.82,16226813,IBM
2009-04-06,100.9,101.85,100.0,101.56,8821996,IBM
2009-04-08,99.45,101.55,99.0,101.19,7311817,IBM
2009-04-13,100.28,101.65,99.04,99.95,7797542,IBM
2009-04-15,98.23,99.06,96.44,98.85,8164390,IBM
2009-04-17,101.18,102.04,99.69,101.27,10218764,IBM
2009-04-21,98.41,102.48,98.2,102.31,15230878,IBM
2009-04-23,102.65,102.78,99.8,101.42,9440413,IBM
2009-04-27,99.61,101.69,99.29,99.95,8612348,IBM
2009-04-29,101.98,105.0,101.67,104.04,9786690,IBM
2009-05-01,103.78,104.86,102.94,104.61,6237185,IBM
2009-05-05,106.0,106.82,105.51,105.85,6751973,IBM
2009-05-07,104.65,104.8,101.83,102.59,8524436,IBM
2009-05-11,101.09,103.88,100.95,102.9,8253824,IBM
2009-05-13,102.88,103.1,101.35,102.26,8202724,IBM
2009-05-15,100.9,103.07,100.57,101.37,8367739,IBM
2009-05-19,104.33,106.12,104.0,105.51,7079435,IBM
2009-05-21,103.07,103.25,101.74,102.82,7411431,IBM
2009-05-26,101.32,105.63,101.02,105.02,7211942,IBM
2009-05-28,103.34,105.14,102.68,104.69,6127885,IBM
2009-06-01,106.94,108.67,106.67,108.37,7725911,IBM
2009-06-03,106.53,106.6,105.11,106.49,7688214,IBM
2009-06-05,107.33,108.4,106.75,107.24,7665350,IBM
2009-06-09,108.15,109.14,107.99,108.14,8592752,IBM
2009-06-11,108.75,110.64,108.56,109.4,9136089,IBM
2009-06-15,107.63,108.83,107.24,107.62,8567686,IBM
2009-06-17,107.46,107.88,106.88,107.0,7366166,IBM
2009-06-19,106.31,106.65,105.5,105.89,13562225,IBM
2009-06-23,104.75,104.87,103.79,104.44,5154084,IBM
2009-06-25,103.7,106.78,103.51,106.06,6900783,IBM
2009-06-29,105.99,106.18,105.16,105.83,4681817,IBM
2009-07-01,105.0,106.27,104.73,104.84,5537276,IBM
2009-07-06,101.57,102.23,100.47,101.65,6523090,IBM
2009-07-08,100.29,101.17,99.5,100.68,7380719,IBM
2009-07-10,100.97,101.72,99.8,100.83,7470894,IBM
2009-07-14,103.42,103.62,102.52,103.25,5416082,IBM
2009-07-16,106.84,110.97,106.79,110.64,15048197,IBM
2009-07-20,114.53,116.88,114.39,116.44,10683485,IBM
2009-07-22,116.18,117.2,115.09,115.57,8813331,IBM
2009-07-24,116.68,118.15,116.63,117.64,6262750,IBM
2009-07-28,116.63,117.52,116.34,117.28,5783139,IBM
2009-07-30,118.0,119.37,117.67,117.86,6805957,IBM
2009-08-03,118.88,119.96,118.69,119.92,6112018,IBM
2009-08-05,118.52,119.0,117.86,118.47,5026291,IBM
2009-08-07,118.11,119.91,118.11,119.33,5763172,IBM
2009-08-11,118.03,118.5,117.32,117.79,4844435,IBM
2009-08-13,119.28,119.78,118.63,119.58,5489981,IBM
2009-08-17,116.69,117.44,116.21,116.86,5351307,IBM
2009-08-19,116.36,118.77,116.12,118.57,4837844,IBM
2009-08-21,119.65,120.01,118.55,119.9,8307764,IBM
2009-08-25,119.25,120.15,118.71,118.83,4653733,IBM
2009-08-27,118.73,119.59,117.85,119.43,4356903,IBM
2009-08-31,117.1,118.06,116.92,118.05,5440174,IBM
2009-09-02,116.34,117.24,116.0,116.09,5178727,IBM
2009-09-04,116.58,117.5,116.21,117.46,3451667,IBM
2009-09-09,117.03,117.67,116.16,116.76,5248477,IBM
2009-09-11,117.8,119.25,117.47,118.05,5893678,IBM
2009-09-15,118.78,119.45,118.16,119.35,6535919,IBM
2009-09-17,121.14,122.78,121.05,121.88,8394048,IBM
2009-09-21,121.03,122.08,120.88,121.57,4516477,IBM
2009-09-23,121.26,122.74,120.71,120.82,5539926,IBM
2009-09-25,120.27,121.65,120.1,121.08,5187894,IBM
2009-09-29,119.36,119.94,118.6,118.81,6748992,IBM
2009-10-01,119.39,119.61,117.56,117.9,7070015,IBM
2009-10-05,118.9,120.18,118.13,119.75,5673472,IBM
2009-10-07,121.12,122.85,120.94,122.78,5967677,IBM
2009-10-09,122.43,126.0,122.3,125.93,13123483,IBM
2009-10-13,126.22,127.39,126.2,127.02,7582436,IBM
2009-10-15,127.56,128.0,126.32,127.98,11952990,IBM
2009-10-19,121.76,123.36,121.61,123.06,7514034,IBM
2009-10-21,122.18,124.11,120.86,120.87,7175154,IBM
2009-10-23,122.95,123.06,120.0,120.36,6799823,IBM
2009-10-27,120.18,122.14,119.15,120.65,9445982,IBM
2009-10-29,122.15,123.03,121.6,122.87,6309369,IBM
2009-11-02,120.77,121.93,119.5,120.56,7050252,IBM
2009-11-04,121.46,122.5,121.16,121.29,6353648,IBM
2009-11-06,122.51,123.49,122.23,123.49,4979517,IBM
2009-11-10,125.3,127.05,125.17,126.91,6444507,IBM
2009-11-12,126.61,127.65,126.11,126.26,5345379,IBM
2009-11-16,127.17,128.24,127.03,128.21,7975416,IBM
2009-11-18,128.05,128.35,127.55,128.15,3970158,IBM
2009-11-20,127.17,127.69,126.46,126.96,5354701,IBM
2009-11-24,127.9,128.32,127.14,127.93,4822106,IBM
2009-11-27,124.59,126.62,124.26,125.7,3319189,IBM
2009-12-01,127.29,128.39,126.85,127.94,6578504,IBM
2009-12-03,127.6,128.47,127.25,127.55,5759913,IBM
2009-12-07,126.88,127.53,126.59,127.04,4144680,IBM
2009-12-09,126.7,128.39,126.11,128.39,6071919,IBM
2009-12-11,129.01,129.77,128.71,129.68,6599285,IBM
2009-12-15,129.46,129.86,127.94,128.49,8033372,IBM
2009-12-17,128.0,128.56,127.12,127.4,5910454,IBM
2009-12-21,127.8,128.94,127.68,128.65,4775164,IBM
2009-12-23,129.7,130.0,129.3,130.0,4129112,IBM
2009-12-28,130.99,132.31,130.72,132.31,5801087,IBM
2009-12-30,131.23,132.68,130.68,132.57,3867291,IBM
2010-01-04,131.18,132.97,130.85,132.45,6155846,IBM
2010-01-06,130.68,131.49,129.81,130.0,5605290,IBM
2010-01-08,129.07,130.92,129.05,130.85,4197105,IBM
2010-01-12,129.03,131.33,129.0,130.51,8083354,IBM
2010-01-14,130.55,132.71,129.91,132.31,7114544,IBM
2010-01-19,131.63,134.25,131.56,134.14,13916168,IBM
2010-01-21,130.47,130.69,128.06,129.0,9608696,IBM
2010-01-25,126.33,126.9,125.71,126.12,5738920,IBM
2010-01-27,125.82,126.96,125.04,126.33,8719447,IBM
2010-01-29,124.32,125.0,121.9,122.39,11572387,IBM
2010-02-02,124.79,125.81,123.95,125.53,5900187,IBM
2010-02-04,125.19,125.44,122.9,123.0,9129991,IBM
2010-02-08,123.15,123.22,121.74,121.88,5719389,IBM
2010-02-10,122.94,123.65,122.21,122.81,5219260,IBM
2010-02-12,123.01,124.05,121.61,124.0,8018236,IBM
2010-02-17,125.5,126.53,125.21,126.33,5827357,IBM
2010-02-19,127.35,128.06,126.87,127.19,6303678,IBM
2010-02-23,126.48,127.66,126.0,126.46,4594376,IBM
2010-02-25,126.05,127.24,125.57,127.07,5658776,IBM
2010-03-01,127.5,128.83,127.47,128.57,4577715,IBM
2010-03-03,127.73,128.02,126.68,126.88,6389967,IBM
2010-03-05,127.17,127.55,127.04,127.25,6140472,IBM
2010-03-09,126.27,126.29,125.2,125.55,7529306,IBM
2010-03-11,125.71,127.81,125.71,127.6,7929401,IBM
2010-03-15,127.4,128.34,127.28,127.83,4544089,IBM
2010-03-17,128.9,128.93,127.36,127.76,6348995,IBM
2010-03-19,128.84,128.93,126.78,127.71,10744286,IBM
2010-03-23,127.94,129.43,127.64,129.37,5979298,IBM
2010-03-25,129.36,130.73,129.13,129.24,7605394,IBM
2010-03-29,129.3,129.95,128.26,128.59,4643265,IBM
2010-03-31,128.23,128.75,127.65,128.25,4904711,IBM
2010-04-05,128.38,129.8,128.14,129.35,4118884,IBM
2010-04-07,128.53,129.27,128.01,128.48,5157358,IBM
2010-04-09,127.88,128.87,127.12,128.76,5186516,IBM
2010-04-13,128.26,129.44,127.84,129.03,6821802,IBM
2010-04-15,130.53,131.14,130.19,130.89,6425399,IBM
2010-04-19,130.38,132.28,130.38,132.23,11353679,IBM
2010-04-21,129.87,130.27,128.5,128.99,7560015,IBM
2010-04-23,129.08,130.1,128.71,129.99,6197382,IBM
2010-04-27,129.9,132.0,128.71,128.82,10917510,IBM
2010-04-29,130.55,131.21,130.15,130.46,5786888,IBM
2010-05-03,129.39,130.14,128.8,129.6,4992019,IBM
2010-05-05,127.12,128.23,126.87,127.46,6072834,IBM
2010-05-07,123.36,124.39,120.0,122.1,10585340,IBM
2010-05-11,125.21,128.42,125.15,126.89,6499773,IBM
2010-05-13,130.93,133.1,130.85,131.48,10498358,IBM
2010-05-17,130.68,131.76,128.7,130.44,8924745,IBM
2010-05-19,129.37,130.5,127.82,128.86,8669840,IBM
2010-05-21,122.16,125.61,121.4,125.42,12639577,IBM
2010-05-25,121.47,124.95,121.47,124.52,9498873,IBM
2010-05-27,125.05,126.39,124.77,126.39,7726560,IBM
2010-06-01,124.69,126.88,124.2,124.34,7136082,IBM
2010-06-03,127.75,128.22,126.46,127.96,6645219,IBM
2010-06-07,125.57,125.86,124.13,124.13,6951325,IBM
2010-06-09,124.83,125.84,123.58,123.9,7800309,IBM
2010-06-11,126.73,128.8,126.44,128.45,5827093,IBM
2010-06-15,128.93,129.95,128.37,129.79,6652612,IBM
2010-06-17,130.07,131.03,129.86,130.98,5575129,IBM
2010-06-21,131.42,131.94,130.22,130.65,6857800,IBM
2010-06-23,129.25,131.47,129.09,130.11,6855741,IBM
2010-06-25,128.34,129.1,127.12,127.12,10420671,IBM
2010-06-29,127.35,128.4,124.12,125.09,9378799,IBM
2010-07-01,123.55,124.21,121.61,122.57,9742208,IBM
2010-07-06,123.58,124.63,122.17,123.46,6348708,IBM
2010-07-08,127.37,128.15,126.74,127.97,5439963,IBM
2010-07-12,127.37,128.83,127.16,128.67,4206871,IBM
2010-07-14,129.32,131.6,129.14,130.72,6607133,IBM
2010-07-16,129.96,130.15,127.85,128.03,7002854,IBM
2010-07-20,122.97,126.56,122.93,126.55,16340314,IBM
2010-07-22,126.32,127.78,126.05,127.47,6909088,IBM
2010-07-26,128.18,128.43,127.14,128.41,5172270,IBM
2010-07-28,128.67,129.35,127.88,128.43,4252631,IBM
2010-07-30,127.43,128.98,127.04,128.4,6025837,IBM
2010-08-03,130.03,131.04,129.33,130.37,5091953,IBM
2010-08-05,130.73,131.98,130.53,131.83,4523103,IBM
2010-08-09,130.79,132.34,130.4,132.0,6135341,IBM
2010-08-11,130.69,130.69,129.46,129.83,6318083,IBM
2010-08-13,127.96,128.46,127.33,127.87,4670519,IBM
2010-08-17,128.83,129.85,127.9,128.45,4298556,IBM
2010-08-19,128.67,129.59,128.02,128.9,5402547,IBM
2010-08-23,127.57,128.03,126.44,126.47,4034693,IBM
2010-08-25,124.57,125.6,124.0,125.27,5239579,IBM
2010-08-27,123.83,124.8,122.42,124.73,6214197,IBM
2010-08-31,123.31,123.99,122.28,123.05,5659755,IBM
2010-09-02,126.03,126.23,124.65,125.04,5104538,IBM
2010-09-07,126.99,127.36,125.88,125.95,4353927,IBM
2010-09-09,127.27,127.57,126.15,126.36,3437612,IBM
2010-09-13,128.63,130.0,128.52,129.61,5272370,IBM
2010-09-15,128.65,129.96,128.54,129.43,4762454,IBM
2010-09-17,129.92,130.6,129.7,130.19,10397659,IBM
2010-09-21,131.45,132.8,130.78,131.98,5268605,IBM
2010-09-23,131.42,132.78,131.22,131.67,3898904,IBM
2010-09-27,133.51,135.0,133.51,134.65,6155512,IBM
2010-09-29,134.4,135.8,134.34,135.48,5151624,IBM
2010-10-01,135.51,136.28,135.09,135.64,5621197,IBM
2010-10-05,136.18,137.9,136.12,137.66,6202496,IBM
2010-10-07,137.92,138.88,137.52,138.72,6440718,IBM
2010-10-11,138.79,139.94,138.64,139.66,4009658,IBM
2010-10-13,139.91,141.48,139.78,140.37,8788326,IBM
2010-10-15,142.1,142.1,140.54,141.06,7224057,IBM
2010-10-19,137.3,139.34,136.7,138.03,14160546,IBM
2010-10-21,139.81,140.49,138.4,139.83,6230393,IBM
2010-10-25,140.42,141.4,139.81,139.84,4870212,IBM
2010-10-27,139.52,141.57,139.0,141.43,6467113,IBM
2010-10-29,140.9,144.0,140.75,143.6,8444096,IBM
2010-11-02,143.85,144.71,143.71,143.84,4626496,IBM
2010-11-04,144.82,146.84,144.71,146.79,6626305,IBM
2010-11-08,145.35,146.58,145.25,146.46,4459904,IBM
2010-11-10,146.09,146.79,145.63,146.55,5175737,IBM
2010-11-12,144.59,145.77,143.55,143.74,4732937,IBM
2010-11-16,142.93,143.38,141.18,142.24,6350519,IBM
2010-11-18,143.04,144.99,142.75,144.36,4238874,IBM
2010-11-22,144.0,145.43,143.56,145.39,3730686,IBM
2010-11-24,143.95,146.44,143.82,145.81,4877219,IBM
2010-11-29,143.53,143.67,141.5,142.89,5040206,IBM
2010-12-01,143.61,145.13,143.51,144.41,6826974,IBM
2010-12-03,144.25,145.68,144.25,145.38,3710884,IBM
2010-12-07,146.02,146.3,143.87,144.02,4830430,IBM
2010-12-09,145.94,145.94,143.52,144.3,4406114,IBM
2010-12-13,145.14,145.4,144.21,144.28,4741876,IBM
2010-12-15,145.13,145.72,144.31,144.72,4447397,IBM
2010-12-17,144.69,145.5,144.4,145.0,10026946,IBM
2010-12-21,144.99,145.99,144.33,145.74,3779240,IBM
2010-12-23,145.89,146.33,145.33,145.89,2425301,IBM
2010-12-28,145.31,146.15,145.06,145.71,2700968,IBM
2010-12-30,146.36,147.11,146.25,146.67,3039004,IBM
2011-01-03,147.21,148.2,147.14,147.48,4604911,IBM
2011-01-05,147.34,147.48,146.73,147.05,4659195,IBM
2011-01-07,148.79,148.86,146.94,147.93,4136379,IBM
2011-01-11,148.2,148.35,146.75,147.28,4164771,IBM
2011-01-13,149.24,149.29,148.25,148.82,3445785,IBM
2011-01-18,149.82,151.46,149.38,150.65,9176829,IBM
2011-01-20,154.53,155.96,154.45,155.8,7441447,IBM
2011-01-24,155.42,159.79,155.33,159.63,7288661,IBM
2011-01-26,161.67,161.9,160.42,161.04,5353895,IBM
2011-01-28,161.05,161.92,158.67,159.21,6725708,IBM
2011-02-01,162.11,163.94,162.0,163.56,5834162,IBM
2011-02-03,163.16,164.2,162.81,163.53,4685095,IBM
2011-02-07,164.08,164.99,164.02,164.82,4932599,IBM
2011-02-09,165.62,165.97,164.1,164.65,4635303,IBM
2011-02-11,163.98,165.01,163.31,163.85,5185697,IBM
2011-02-15,162.89,163.57,162.52,162.84,3768703,IBM
2011-02-17,163.3,164.67,162.85,164.24,3231171,IBM
2011-02-22,163.57,164.26,161.78,161.95,5210857,IBM
2011-02-24,159.63,161.27,159.03,160.77,5709476,IBM
2011-02-28,162.36,162.99,161.24,161.88,4773936,IBM
2011-03-02,159.43,161.11,159.41,160.16,3413127,IBM
2011-03-04,163.4,164.31,160.65,161.83,4913666,IBM
2011-03-08,159.7,163.43,159.21,162.28,5392122,IBM
2011-03-10,164.64,164.67,161.38,162.02,7052811,IBM
2011-03-14,161.16,161.98,160.09,161.39,4304870,IBM
2011-03-16,156.52,156.98,151.71,153.0,12204867,IBM
2011-03-18,156.5,156.95,154.32,155.89,11454323,IBM
2011-03-22,158.56,158.61,157.52,158.0,4312353,IBM
2011-03-24,160.23,160.71,158.84,160.04,5150081,IBM
2011-03-28,161.54,162.58,161.12,161.37,3973680,IBM
2011-03-30,163.55,163.99,163.02,163.6,3396852,IBM
2011-04-01,163.7,164.42,163.04,164.27,4388206,IBM
2011-04-05,163.81,164.7,163.62,163.99,3616188,IBM
2011-04-07,164.1,164.55,163.28,164.38,3670064,IBM
2011-04-11,163.44,164.0,163.11,163.95,4141248,IBM
2011-04-13,163.97,164.93,163.66,163.95,4185429,IBM
2011-04-15,165.0,166.34,164.87,166.21,5291077,IBM
2011-04-19,165.71,166.38,164.44,165.4,6597435,IBM
2011-04-21,165.63,168.45,164.86,168.28,6171786,IBM
2011-04-26,167.99,169.2,167.4,168.49,7267376,IBM
2011-04-28,169.99,171.38,169.7,170.78,5090377,IBM
2011-05-02,172.11,173.54,171.49,172.15,5397951,IBM
2011-05-04,172.36,172.62,169.59,170.62,6894585,IBM
2011-05-06,169.03,170.15,168.24,168.89,4839438,IBM
2011-05-10,169.25,170.9,169.22,170.38,4936698,IBM
2011-05-12,169.65,172.77,168.65,172.24,5142809,IBM
2011-05-16,169.81,170.64,168.31,168.86,4662973,IBM
2011-05-18,170.1,171.19,169.46,170.44,4157195,IBM
2011-05-20,170.4,171.15,169.38,170.16,4873602,IBM
2011-05-24,168.5,168.67,167.51,167.99,4643753,IBM
2011-05-26,167.46,167.5,165.9,167.18,5775929,IBM
2011-05-31,168.44,169.89,167.82,168.93,9130673,IBM
2011-06-02,166.44,167.1,165.71,166.09,3854020,IBM
2011-06-06,164.76,165.58,164.27,164.75,3619681,IBM
2011-06-08,163.27,164.85,163.26,164.34,3850732,IBM
2011-06-10,164.57,164.84,162.87,163.18,4686370,IBM
2011-06-14,163.87,164.57,163.65,164.12,7050074,IBM
2011-06-16,162.06,163.63,161.78,162.67,4861065,IBM
2011-06-20,163.7,165.61,163.59,165.02,3956099,IBM
2011-06-22,165.59,166.81,165.1,165.68,3963254,IBM
2011-06-24,165.85,165.94,164.57,165.07,4405237,IBM
2011-06-28,168.33,170.7,168.01,170.01,4850127,IBM
2011-06-30,171.11,172.45,170.75,171.55,5105362,IBM
2011-07-05,173.52,175.43,173.52,175.43,4586423,IBM
2011-07-07,176.78,177.27,176.12,176.48,5907150,IBM
2011-07-11,174.9,176.15,174.61,174.99,4766847,IBM
2011-07-13,174.9,176.32,174.0,174.32,4074888,IBM
2011-07-15,175.08,175.94,174.07,175.54,5350142,IBM
2011-07-19,178.74,185.21,178.65,185.21,13248767,IBM
2011-07-21,183.59,185.5,182.9,184.9,4959316,IBM
2011-07-25,183.89,184.96,183.28,183.7,4988243,IBM
2011-07-27,182.01,182.91,180.93,181.35,5806806,IBM
2011-07-29,180.26,183.43,179.73,181.85,6667438,IBM
2011-08-02,179.95,182.29,177.86,178.05,5770372,IBM
2011-08-04,176.5,177.92,171.18,171.48,11023189,IBM
2011-08-08,168.83,172.61,166.0,166.22,20483410,IBM
2011-08-10,168.18,169.23,161.85,162.54,13994800,IBM
2011-08-12,168.5,169.38,165.83,168.2,5186931,IBM
2011-08-16,172.19,172.19,169.0,171.24,5585496,IBM
2011-08-18,166.32,166.46,160.16,163.83,15083690,IBM
2011-08-22,161.35,161.68,157.62,158.98,7253910,IBM
2011-08-24,164.13,166.83,163.35,166.76,6427240,IBM
2011-08-26,164.85,169.33,163.28,169.14,6438785,IBM
2011-08-30,172.06,173.51,170.88,172.51,4478665,IBM
2011-09-01,172.71,173.68,170.12,170.33,5463880,IBM
2011-09-06,163.06,165.55,162.2,165.11,5761373,IBM
2011-09-08,167.0,169.58,165.1,165.25,6028321,IBM
2011-09-12,160.04,162.44,158.76,162.42,5247581,IBM
2011-09-14,164.01,169.66,161.99,167.24,6981043,IBM
2011-09-16,171.33,172.99,169.74,172.99,11049058,IBM
2011-09-20,173.57,177.43,172.7,174.72,6209893,IBM
2011-09-22,168.33,169.97,166.5,168.62,8195806,IBM
2011-09-26,170.96,174.7,169.86,174.51,6745650,IBM
2011-09-28,177.97,180.75,177.08,177.55,7732274,IBM
2011-09-30,176.01,178.27,174.75,174.87,7851584,IBM
2011-10-04,171.54,175.07,168.88,174.74,9175346,IBM
2011-10-06,176.81,181.99,175.66,181.69,7181124,IBM
2011-10-10,183.0,186.63,182.9,186.62,5786341,IBM
2011-10-12,186.08,188.0,185.65,186.12,5338149,IBM
2011-10-14,188.19,190.53,187.73,190.53,5368616,IBM
2011-10-18,178.0,179.38,176.25,178.9,15729689,IBM
2011-10-20,178.13,179.24,176.17,177.25,7514283,IBM
2011-10-24,181.51,183.39,180.62,182.25,5891258,IBM
2011-10-26,181.74,182.28,179.03,181.97,5387883,IBM
2011-10-28,185.57,188.07,185.28,187.45,5009820,IBM
2011-11-01,181.55,183.26,180.74,181.35,5883336,IBM
2011-11-03,185.13,187.78,184.02,187.3,4953637,IBM
2011-11-07,186.22,187.73,184.75,187.32,3531095,IBM
2011-11-09,184.2,185.24,181.16,182.24,5495014,IBM
2011-11-11,185.27,187.83,185.14,187.38,3665309,IBM
2011-11-15,187.49,189.97,185.64,188.75,4585232,IBM
2011-11-17,186.81,188.83,183.39,185.73,5840520,IBM
2011-11-21,183.37,183.96,180.0,181.48,5145072,IBM
2011-11-23,180.67,181.49,177.52,177.95,4802040,IBM
2011-11-28,182.71,182.93,180.67,182.21,4524289,IBM
2011-11-30,184.57,188.35,184.21,188.0,7836882,IBM
2011-12-02,189.92,191.33,189.45,189.66,4962414,IBM
2011-12-06,190.65,193.53,190.32,192.94,4145053,IBM
2011-12-08,192.48,193.8,191.07,191.58,4369089,IBM
2011-12-12,193.64,193.9,191.22,192.18,3797497,IBM
2011-12-14,189.84,190.28,188.0,188.72,5058143,IBM
2011-12-16,188.01,188.01,181.91,183.57,11849737,IBM
2011-12-20,185.5,187.33,184.76,187.24,4742825,IBM
2011-12-22,182.71,182.8,181.0,182.04,5052410,IBM
2011-12-27,184.97,185.85,184.39,184.95,2775314,IBM
2011-12-29,184.07,186.23,184.01,186.18,2941990,IBM
2012-01-03,186.73,188.71,186.0,186.3,5645999,IBM
2012-01-05,184.81,185.03,183.1,184.66,4463267,IBM
2012-01-09,182.2,182.27,180.27,181.59,5201266,IBM
2012-01-11,180.73,182.81,180.5,182.32,4110952,IBM
2012-01-13,179.48,179.61,177.35,179.16,5279348,IBM
2012-01-18,179.83,181.6,179.5,181.07,4601271,IBM
2012-01-20,185.77,188.97,184.75,188.52,12850227,IBM
2012-01-24,188.63,192.3,188.52,191.93,5349750,IBM
2012-01-26,191.79,192.79,190.47,190.98,4004615,IBM
2012-01-30,189.39,192.73,188.22,192.5,4359045,IBM
2012-02-01,193.21,194.81,192.41,192.62,5089251,IBM
2012-02-03,192.93,194.13,192.54,193.64,4521636,IBM
2012-02-07,192.45,194.14,191.97,193.35,3432953,IBM
2012-02-09,193.03,194.46,192.55,193.13,3876530,IBM
2012-02-13,193.31,193.69,191.74,192.62,2458889,IBM
2012-02-15,192.31,193.44,191.26,192.25,4021139,IBM
2012-02-17,193.71,193.86,192.3,193.42,3746679,IBM
2012-02-22,193.03,194.74,192.75,193.87,3276029,IBM
2012-02-24,198.38,198.56,196.61,197.76,3353242,IBM
2012-02-28,197.75,198.96,197.43,197.98,3167481,IBM
2012-03-01,197.23,198.47,196.93,197.53,3560706,IBM
2012-03-05,198.36,201.19,198.3,200.66,6938659,IBM
2012-03-07,198.09,198.57,197.31,197.77,3346878,IBM
2012-03-09,199.98,201.1,199.72,200.62,3178143,IBM
2012-03-13,201.72,203.9,201.61,203.78,4864835,IBM
2012-03-15,204.94,206.18,204.74,206.0,3621170,IBM
2012-03-19,205.71,206.53,204.5,205.72,3763177,IBM
2012-03-21,204.32,205.77,204.3,204.69,3330241,IBM
2012-03-23,205.89,205.96,204.56,205.48,3036189,IBM
2012-03-27,208.46,208.66,207.0,207.18,2705065,IBM
2012-03-29,206.09,208.5,206.02,208.27,3403665,IBM
2012-04-02,208.96,209.69,208.09,209.47,3388035,IBM
2012-04-04,206.22,206.98,205.19,206.05,4404078,IBM
2012-04-09,204.4,206.17,203.37,204.94,3326810,IBM
2012-04-11,203.99,204.32,202.46,202.58,3367363,IBM
2012-04-13,204.32,204.65,202.8,202.8,3768117,IBM
2012-04-17,204.57,207.64,204.15,207.45,6073651,IBM
2012-04-19,200.03,201.26,197.52,199.51,5763201,IBM
2012-04-23,197.89,199.1,196.79,198.62,3618928,IBM
2012-04-25,202.02,203.69,201.8,203.57,4003311,IBM
2012-04-27,206.47,208.17,205.91,206.81,3311119,IBM
2012-05-01,207.18,208.93,206.71,208.0,2715870,IBM
2012-05-03,208.27,208.92,206.55,207.24,2826568,IBM
2012-05-07,203.96,204.77,202.9,203.75,3375923,IBM
2012-05-09,199.99,203.0,199.06,201.23,3743290,IBM
2012-05-11,199.96,202.12,199.95,201.17,2391580,IBM
2012-05-15,199.44,201.47,198.76,199.04,2987339,IBM
2012-05-17,199.67,200.79,197.64,197.89,5627456,IBM
2012-05-21,195.98,197.93,194.63,197.76,3831863,IBM
2012-05-23,195.53,196.49,193.2,196.12,4066664,IBM
2012-05-25,195.11,196.0,194.0,194.3,2903063,IBM
2012-05-30,194.8,195.47,193.77,194.53,3602417,IBM
2012-06-01,190.12,191.72,188.6,189.08,5206323,IBM
2012-06-05,187.92,189.85,187.56,189.2,3556762,IBM
2012-06-07,195.28,195.83,193.94,194.44,3701066,IBM
2012-06-11,196.6,196.7,192.37,192.51,3273511,IBM
2012-06-13,194.36,195.19,192.34,193.1,3247653,IBM
2012-06-15,196.08,199.27,195.4,199.1,6390633,IBM
2012-06-19,198.83,199.99,198.8,198.93,3297517,IBM
2012-06-21,199.07,199.45,193.19,193.39,4316544,IBM
2012-06-25,192.48,193.39,191.68,192.86,3211529,IBM
2012-06-27,192.14,193.7,190.9,193.0,2762612,IBM
2012-06-29,194.55,195.81,192.41,195.58,5262273,IBM
2012-07-03,195.46,196.34,194.91,195.93,1451425,IBM
2012-07-06,193.92,193.94,189.74,191.41,4952950,IBM
2012-07-10,190.3,191.14,185.6,186.26,4690312,IBM
2012-07-12,184.25,184.39,181.85,183.09,4931203,IBM
2012-07-16,185.58,186.1,184.58,184.79,3144328,IBM
2012-07-18,184.15,188.59,183.55,188.25,8019423,IBM
2012-07-20,194.09,194.9,192.17,192.45,4789672,IBM
2012-07-24,190.92,191.32,188.56,190.34,3597193,IBM
2012-07-26,193.49,194.95,192.57,193.95,3284332,IBM
2012-07-30,196.32,197.84,195.92,196.68,2787953,IBM
2012-08-01,196.96,197.85,194.72,195.18,2559365,IBM
2012-08-03,196.48,198.95,196.16,198.52,3278231,IBM
2012-08-07,199.43,200.88,198.8,199.93,3209644,IBM
2012-08-09,198.62,199.46,197.89,198.42,2160095,IBM
2012-08-13,198.88,199.98,197.79,199.01,2418289,IBM
2012-08-15,198.9,199.33,197.92,198.4,2111828,IBM
2012-08-17,201.08,202.0,200.66,201.22,2551732,IBM
2012-08-21,200.99,201.0,198.37,198.65,3111357,IBM
2012-08-23,197.04,197.37,195.44,195.7,2758497,IBM
2012-08-27,197.96,198.3,195.61,195.69,2498722,IBM
2012-08-29,195.13,196.04,194.9,195.08,2141398,IBM
2012-08-31,194.31,195.95,193.46,194.85,3193352,IBM
2012-09-05,194.41,195.85,193.89,195.04,3312634,IBM
2012-09-07,199.12,199.5,198.08,199.5,3414148,IBM
2012-09-11,200.55,203.46,200.51,203.27,3910647,IBM
2012-09-13,204.38,206.81,203.46,206.36,3880489,IBM
2012-09-17,205.55,207.99,205.55,207.15,3276074,IBM
2012-09-19,207.55,207.57,206.01,206.43,2605577,IBM
2012-09-21,207.36,207.94,205.92,205.98,12772715,IBM
2012-09-25,205.6,207.32,204.95,204.98,3346760,IBM
2012-09-27,204.37,206.9,204.14,205.91,2771977,IBM
2012-10-01,208.01,211.75,207.94,210.47,5457453,IBM
2012-10-03,209.94,211.3,209.3,210.51,3192215,IBM
2012-10-05,211.15,211.79,210.06,210.59,2858352,IBM
2012-10-09,209.95,210.74,207.7,207.99,3580564,IBM
2012-10-11,206.57,207.27,205.63,205.76,2910149,IBM
2012-10-15,208.88,209.4,207.82,208.93,3062956,IBM
2012-10-17,201.21,203.41,198.55,200.63,12675634,IBM
2012-10-19,195.29,196.08,193.18,193.36,6621563,IBM
2012-10-23,193.53,194.0,190.94,191.25,4427470,IBM
2012-10-25,191.41,192.44,190.71,191.6,3250670,IBM
2012-10-31,194.8,196.41,193.63,194.53,6052235,IBM
2012-11-02,197.53,198.0,193.29,193.43,4260781,IBM
2012-11-06,195.26,196.75,194.68,195.07,3281085,IBM
2012-11-08,191.4,191.81,190.09,190.1,3542464,IBM
2012-11-12,190.03,190.77,187.41,189.25,3067509,IBM
2012-11-14,189.14,189.27,185.28,185.51,4404535,IBM
2012-11-16,186.33,187.56,185.1,186.94,4660780,IBM
2012-11-20,189.88,190.11,188.25,189.2,3170318,IBM
2012-11-23,191.0,193.49,190.8,193.49,3877583,IBM
2012-11-27,192.08,193.05,191.0,191.23,3291094,IBM
2012-11-29,192.75,192.9,190.2,191.53,4077834,IBM
2012-12-03,190.76,191.3,188.36,189.48,3349685,IBM
2012-12-05,189.01,189.46,186.94,188.65,4202974,IBM
2012-12-07,190.14,192.2,190.11,191.95,4091940,IBM
2012-12-11,193.18,194.8,193.15,194.2,4143997,IBM
2012-12-13,192.18,193.05,191.37,191.99,3623185,IBM
2012-12-17,191.76,193.91,191.76,193.62,3792450,IBM
2012-12-19,195.46,196.45,195.0,195.08,4270591,IBM
2012-12-21,193.1,194.5,191.57,193.42,8226623,IBM
2012-12-26,192.21,193.53,190.95,191.95,2776550,IBM
2012-12-28,191.11,192.22,189.83,189.83,3539396,IBM
2013-01-02,194.09,196.35,193.8,196.35,4234226,IBM
2013-01-04,194.19,194.46,192.78,193.99,3380159,IBM
2013-01-08,192.92,193.3,191.6,192.87,3028071,IBM
2013-01-10,192.65,192.96,191.28,192.88,3608049,IBM
2013-01-14,192.82,193.28,191.75,192.62,4174712,IBM
2013-01-16,192.0,193.18,191.35,192.59,2963020,IBM
2013-01-18,194.03,195.0,193.8,194.47,4560073,IBM
2013-01-23,203.5,208.58,203.36,204.72,12531796,IBM
2013-01-25,204.45,205.18,204.13,204.97,3359187,IBM
2013-01-29,204.34,205.73,203.64,203.9,3617743,IBM
2013-01-31,203.32,204.47,202.96,203.07,3091506,IBM
2013-02-04,204.19,205.02,203.57,203.79,3188819,IBM
2013-02-06,200.39,201.29,199.56,201.02,3624203,IBM
2013-02-08,199.97,202.09,199.68,201.68,2893254,IBM
2013-02-12,200.01,200.74,199.02,200.04,2461779,IBM
2013-02-14,199.73,200.32,199.26,199.65,3294126,IBM
2013-02-19,200.6,201.89,200.22,200.32,2998317,IBM
2013-02-21,198.63,199.07,198.11,198.33,3923051,IBM
2013-02-25,201.67,202.49,197.51,197.51,3847976,IBM
2013-02-27,198.89,202.75,198.6,202.33,4185545,IBM
2013-03-01,200.65,202.94,199.36,202.91,3309434,IBM
2013-03-05,205.86,207.7,205.69,206.53,3807706,IBM
2013-03-07,208.29,209.6,208.24,209.42,3884317,IBM
2013-03-11,210.04,210.2,209.04,210.08,3049701,IBM
2013-03-13,210.2,212.36,209.77,212.06,3357146,IBM
2013-03-15,215.38,215.9,213.41,214.92,7937244,IBM
2013-03-19,214.13,215.12,211.83,213.44,3198877,IBM
2013-03-21,212.96,213.0,210.11,212.26,5830566,IBM
2013-03-25,212.54,212.81,210.05,210.74,3242463,IBM
2013-03-27,210.96,212.16,210.1,210.89,3223381,IBM
2013-04-01,212.8,213.5,211.25,212.38,2144926,IBM
2013-04-03,214.32,214.89,212.63,212.66,3128818,IBM
2013-04-05,209.1,209.84,206.34,209.41,4148177,IBM
2013-04-09,209.56,210.0,208.61,209.22,2577249,IBM
2013-04-11,211.5,213.09,210.85,212.92,3655566,IBM
2013-04-15,210.44,211.69,209.26,209.26,4218575,IBM
2013-04-17,210.53,211.09,209.5,209.67,3269874,IBM
2013-04-19,195.74,196.5,189.76,190.0,18848883,IBM
2013-04-23,189.27,192.56,188.61,191.61,6301279,IBM
2013-04-25,192.69,195.17,192.32,193.95,4651956,IBM
2013-04-29,194.78,199.68,194.65,199.15,5937395,IBM
2013-05-01,201.87,202.17,199.2,199.63,4899267,IBM
2013-05-03,203.94,205.32,203.75,204.51,4494744,IBM
2013-05-07,202.81,203.73,201.65,203.63,3450976,IBM
2013-05-09,204.69,205.0,202.72,203.24,3542923,IBM
2013-05-13,204.18,204.47,202.22,202.47,3651831,IBM
2013-05-15,202.25,203.68,202.04,203.32,4030080,IBM
2013-05-17,205.25,209.5,204.99,208.44,5704295,IBM
2013-05-21,207.24,209.48,207.0,208.65,2982927,IBM
2013-05-23,205.48,208.61,205.13,206.16,5180440,IBM
2013-05-28,207.44,208.59,207.16,207.78,4011700,IBM
2013-05-30,206.97,210.99,206.97,209.36,4400197,IBM
2013-06-03,208.25,210.05,207.33,208.95,3323648,IBM
2013-06-05,205.16,206.29,202.4,202.74,4215365,IBM
2013-06-07,204.85,206.35,204.11,206.35,2953540,IBM
2013-06-11,203.17,205.95,202.51,203.98,2813120,IBM
2013-06-13,201.01,204.4,200.34,203.77,2899698,IBM
2013-06-17,203.44,205.17,202.55,203.04,3220009,IBM
2013-06-19,204.44,205.03,201.93,201.94,2846204,IBM
2013-06-21,198.5,198.52,193.54,195.46,8918918,IBM
2013-06-25,195.31,195.59,193.15,194.98,3848021,IBM
2013-06-27,196.05,196.9,195.29,195.65,3519332,IBM
2013-07-01,192.15,193.8,191.12,191.28,4442422,IBM
2013-07-03,190.98,194.22,190.51,193.25,1878313,IBM
2013-07-08,195.6,195.78,194.61,194.98,2948458,IBM
2013-07-10,191.51,193.43,191.27,192.25,3891960,IBM
2013-07-12,193.07,193.7,191.59,192.07,4495892,IBM
2013-07-16,194.04,194.58,192.68,193.85,3747394,IBM
2013-07-18,198.27,200.94,195.99,197.99,8394310,IBM
2013-07-22,193.4,195.79,193.28,194.09,3399461,IBM
2013-07-24,195.95,197.3,195.86,196.61,2958239,IBM
2013-07-26,196.59,197.37,195.0,197.35,2485006,IBM
2013-07-30,196.99,197.83,195.81,196.01,2663216,IBM
2013-08-01,196.65,197.17,195.41,195.81,2877770,IBM
2013-08-05,195.16,195.88,194.35,195.5,2492663,IBM
2013-08-07,189.6,189.93,188.05,188.56,3901716,IBM
2013-08-09,188.0,189.16,187.0,187.82,3250000,IBM
2013-08-13,189.54,189.99,187.56,188.42,3542932,IBM
2013-08-15,186.23,187.0,185.45,185.79,3692360,IBM
2013-08-19,185.3,186.5,183.98,184.23,3251127,IBM
2013-08-21,184.67,186.57,184.28,184.86,3551207,IBM
2013-08-23,185.34,185.74,184.57,185.42,2295092,IBM
2013-08-27,183.63,184.5,182.57,182.74,3190642,IBM
2013-08-29,181.96,183.7,181.44,182.64,2981180,IBM
2013-09-03,183.63,184.32,182.51,183.96,3487469,IBM
2013-09-05,183.35,185.0,183.07,184.15,2869883,IBM
2013-09-09,183.68,185.49,183.31,184.98,3017439,IBM
2013-09-11,186.83,190.87,186.82,190.7,4959558,IBM
2013-09-13,191.21,193.1,191.0,192.17,3710354,IBM
2013-09-17,193.42,194.15,191.83,192.16,2931728,IBM
2013-09-19,194.18,194.89,193.22,193.39,3178067,IBM
2013-09-23,190.06,192.41,189.33,190.99,3340891,IBM
2013-09-25,190.14,190.62,188.5,189.47,2654833,IBM
2013-09-27,188.87,188.94,186.45,186.92,3907904,IBM
2013-10-01,185.34,186.65,184.65,186.38,2682184,IBM
2013-10-03,184.7,184.96,183.0,183.86,3212240,IBM
2013-10-07,181.85,183.31,181.85,182.01,3968362,IBM
2013-10-09,179.37,181.67,179.1,181.32,4424359,IBM
2013-10-11,185.25,186.23,184.12,186.16,3232828,IBM
2013-10-15,185.74,185.94,184.22,184.66,3367275,IBM
2013-10-17,173.84,177.0,172.57,174.83,22368939,IBM
2013-10-21,174.42,174.75,172.63,172.86,7098685,IBM
2013-10-23,175.09,175.99,174.4,175.77,5416339,IBM
2013-10-25,178.43,179.1,176.26,176.85,4844399,IBM
2013-10-29,177.62,182.32,177.5,182.12,8909330,IBM
2013-10-31,179.65,181.67,179.04,179.21,4318185,IBM
2013-11-04,179.9,180.8,179.34,180.27,3484345,IBM
2013-11-06,177.91,179.75,177.78,179.19,4560659,IBM
2013-11-08,178.83,180.08,177.35,179.99,6275035,IBM
2013-11-12,182.53,184.05,182.26,183.07,4258623,IBM
2013-11-14,180.48,183.2,179.66,182.21,6322676,IBM
2013-11-18,183.52,184.99,183.27,184.47,5344864,IBM
2013-11-20,185.22,186.24,184.64,185.19,3646117,IBM
2013-11-22,183.5,184.99,179.92,181.3,7610518,IBM
2013-11-26,178.67,178.94,177.31,177.31,5756174,IBM
2013-11-29,179.21,180.76,179.0,179.68,2870500,IBM
2013-12-03,177.0,178.23,175.64,176.08,5864045,IBM
2013-12-05,176.15,176.86,175.28,176.08,4385041,IBM
2013-12-09,177.99,178.15,176.83,177.46,3796620,IBM
2013-12-11,177.0,177.76,175.1,175.2,4090438,IBM
2013-12-13,173.52,174.38,172.73,172.8,4184836,IBM
2013-12-17,177.36,177.49,175.12,175.76,5476405,IBM
2013-12-19,177.88,180.54,177.88,180.22,5929584,IBM
2013-12-23,181.05,182.93,180.61,182.23,4082821,IBM
2013-12-26,183.56,185.56,183.51,185.35,3325841,IBM
2013-12-30,185.32,186.7,184.67,186.41,3018594,IBM
2014-01-02,187.21,187.4,185.2,185.53,4546809,IBM
2014-01-06,187.15,187.36,185.3,186.0,4068105,IBM
2014-01-08,189.33,189.42,187.26,187.97,4604105,IBM
2014-01-10,188.31,188.57,186.28,187.26,4023089,IBM
2014-01-14,185.06,186.43,183.88,185.92,4619509,IBM
2014-01-16,187.53,188.99,186.8,188.76,4775167,IBM
2014-01-21,190.23,190.39,186.79,188.43,11121410,IBM
2014-01-23,181.43,183.72,180.71,182.73,6974334,IBM
2014-01-27,179.6,179.65,177.66,177.9,5209244,IBM
2014-01-29,175.98,178.53,175.89,176.4,4971142,IBM
2014-01-31,176.11,177.84,175.34,176.68,5195381,IBM
2014-02-04,173.53,173.75,172.36,172.84,4351180,IBM
2014-02-06,173.97,174.85,173.79,174.67,4292478,IBM
2014-02-10,176.97,177.65,176.25,177.14,3544486,IBM
2014-02-12,179.52,181.25,179.26,180.24,3984148,IBM
2014-02-14,181.26,184.43,180.99,183.69,4665873,IBM
2014-02-19,182.74,185.65,182.41,182.95,4671705,IBM
2014-02-21,184.25,185.71,182.62,182.79,5699331,IBM
2014-02-25,183.52,184.6,182.88,183.23,3902332,IBM
2014-02-27,183.83,185.95,183.81,185.27,3827965,IBM
2014-03-03,183.33,184.64,182.82,184.26,3952704,IBM
2014-03-05,186.57,187.95,186.4,187.14,3487359,IBM
2014-03-07,188.35,188.92,187.18,187.68,4117826,IBM
2014-03-11,187.41,188.45,186.04,186.76,4229679,IBM
2014-03-13,186.41,187.0,183.71,183.9,4913208,IBM
2014-03-17,182.66,186.35,182.66,185.81,4938754,IBM
2014-03-19,185.6,186.7,183.5,184.71,4323930,IBM
2014-03-21,188.5,188.7,186.4,186.67,12535281,IBM
2014-03-25,188.76,195.4,188.7,195.04,10912699,IBM
2014-03-27,191.91,192.67,189.32,189.83,6767653,IBM
2014-03-31,191.64,193.77,191.4,192.49,8537746,IBM
2014-04-02,194.24,194.5,192.49,193.55,4924133,IBM
2014-04-04,193.12,193.97,191.28,191.77,6090863,IBM
2014-04-08,193.89,194.17,192.69,193.29,5125001,IBM
2014-04-10,196.06,199.21,195.66,195.68,8425601,IBM
2014-04-14,196.24,198.24,195.88,197.77,5433621,IBM
2014-04-16,198.05,198.71,195.0,196.4,8527295,IBM
2014-04-21,189.8,192.8,189.74,192.27,5425283,IBM
2014-04-23,191.79,192.41,190.11,191.73,4736919,IBM
2014-04-25,190.54,190.67,189.11,189.63,3871407,IBM
2014-04-29,193.59,195.94,193.41,195.11,4626352,IBM
2014-05-01,196.31,196.74,193.15,193.53,3675823,IBM
2014-05-05,191.05,191.49,189.8,191.26,2222168,IBM
2014-05-07,189.34,190.3,186.93,189.3,3821023,IBM
2014-05-09,188.98,190.59,188.37,190.08,2261739,IBM
2014-05-13,192.79,193.03,191.76,192.19,2226997,IBM
2014-05-15,189.07,189.08,186.18,186.46,4202556,IBM
2014-05-19,186.61,187.13,186.04,187.0,3270670,IBM
2014-05-21,185.85,187.16,184.95,186.39,2988348,IBM
2014-05-23,185.84,186.14,185.31,185.94,2563424,IBM
2014-05-28,184.48,184.88,182.94,183.08,3724124,IBM
2014-05-30,183.38,184.57,182.49,184.36,4620207,IBM
2014-06-03,185.55,185.76,184.12,184.37,2517123,IBM
2014-06-05,184.66,186.09,183.92,185.98,2861974,IBM
2014-06-09,186.22,187.64,185.96,186.22,2728403,IBM
2014-06-11,183.61,184.2,182.01,182.25,4065310,IBM
2014-06-13,182.0,183.0,181.52,182.56,2778984,IBM
2014-06-17,181.9,182.81,181.56,182.26,2460857,IBM
2014-06-19,184.12,184.47,182.36,182.82,3551276,IBM
2014-06-23,181.92,182.25,181.0,182.14,3231699,IBM
2014-06-25,180.25,180.97,180.06,180.72,2763020,IBM
2014-06-27,179.77,182.46,179.66,181.71,4575680,IBM
2014-07-01,181.7,187.27,181.7,186.35,6644363,IBM
2014-07-03,188.39,188.81,187.35,188.53,2422363,IBM
2014-07-08,187.65,188.08,186.37,187.22,3135115,IBM
2014-07-10,186.44,188.05,186.21,187.7,3177816,IBM
2014-07-14,188.55,190.44,188.53,189.86,4502202,IBM
2014-07-16,192.24,193.36,190.76,192.36,7815648,IBM
2014-07-18,191.96,193.44,190.0,192.5,8169325,IBM
2014-07-22,191.59,194.72,191.56,194.09,4853041,IBM
2014-07-24,193.95,195.62,193.75,195.24,3612656,IBM
2014-07-28,194.3,196.4,193.65,195.78,3242443,IBM
2014-07-30,195.2,195.99,192.9,194.0,3945601,IBM
2014-08-01,190.5,191.5,188.86,189.15,5181080,IBM
2014-08-05,188.75,189.2,186.44,187.1,3307945,IBM
2014-08-07,186.64,186.68,183.58,184.3,2708935,IBM
2014-08-11,187.81,188.36,186.28,187.47,2527208,IBM
2014-08-13,188.0,188.48,187.37,187.95,1797016,IBM
2014-08-15,187.85,188.88,186.79,187.38,2815822,IBM
2014-08-19,190.04,190.25,189.36,190.07,2040117,IBM
2014-08-21,190.9,192.07,190.5,191.23,2497985,IBM
2014-08-25,191.39,191.81,190.71,191.16,1726100,IBM
2014-08-27,193.03,194.13,191.56,192.25,2190285,IBM
2014-08-29,192.28,192.75,191.14,192.3,2911097,IBM
2014-09-03,192.39,192.95,191.86,191.95,1824378,IBM
2014-09-05,190.53,191.75,190.09,191.2,2261215,IBM
2014-09-09,190.34,190.74,189.78,189.99,2403631,IBM
2014-09-11,191.08,192.78,190.12,191.72,2299390,IBM
2014-09-15,191.42,192.49,190.58,191.81,2457803,IBM
2014-09-17,193.22,193.64,192.3,192.8,3214117,IBM
2014-09-19,194.54,195.0,193.19,194.0,8854514,IBM
2014-09-23,192.75,193.07,191.52,191.62,3301797,IBM
2014-09-25,192.05,192.5,188.97,189.01,4158816,IBM
2014-09-29,188.51,189.96,188.12,189.64,2344723,IBM
2014-10-01,189.91,190.4,186.79,187.17,3723192,IBM
2014-10-03,188.11,189.37,187.56,188.67,3071521,IBM
2014-10-07,187.77,188.12,185.54,185.71,2994065,IBM
2014-10-09,189.12,189.5,186.09,186.42,2625609,IBM
2014-10-13,185.49,186.65,183.42,183.52,3599924,IBM
2014-10-15,182.46,183.79,178.75,181.75,6897656,IBM
2014-10-17,181.24,182.84,180.22,182.05,4354442,IBM
2014-10-21,166.4,166.68,161.68,163.23,20953605,IBM
2014-10-23,162.12,162.83,161.54,162.18,7600270,IBM
2014-10-27,162.0,162.91,161.81,161.87,4989437,IBM
2014-10-29,164.33,164.62,162.76,163.46,4741689,IBM
2014-10-31,165.48,165.59,163.62,164.4,5818375,IBM
2014-11-04,164.34,164.36,162.24,162.65,4247079,IBM
2014-11-06,161.28,161.53,160.05,161.46,4067641,IBM
2014-11-10,161.9,164.47,161.61,163.49,4958236,IBM
2014-11-12,162.28,163.0,161.76,161.92,3378229,IBM
2014-11-14,162.1,164.49,161.69,164.16,4978415,IBM
2014-11-18,164.73,164.75,161.89,161.89,5412495,IBM
2014-11-20,160.95,161.5,159.8,160.64,4183102,IBM
2014-11-24,161.54,163.86,161.06,162.15,6619032,IBM
2014-11-26,161.93,162.1,161.01,161.95,3967223,IBM
2014-12-01,161.64,163.32,161.35,161.54,4168384,IBM
2014-12-03,162.47,164.52,162.0,164.52,6434994,IBM
2014-12-05,163.61,164.5,162.91,163.27,3013500,IBM
2014-12-09,160.84,163.02,160.8,162.99,3865905,IBM
2014-12-11,160.82,162.93,160.52,161.07,3989571,IBM
2014-12-15,155.93,156.74,152.84,153.06,6500311,IBM
2014-12-17,151.52,153.31,151.11,151.93,5139465,IBM
2014-12-19,157.49,160.41,157.49,158.51,8864850,IBM
2014-12-23,162.23,162.9,161.61,162.24,4044220,IBM
2014-12-26,162.27,163.09,162.01,162.34,1912310,IBM
2014-12-30,160.02,160.82,159.79,160.05,2829904,IBM
2015-01-02,161.31,163.31,161.0,162.06,5525466,IBM
2015-01-06,159.67,159.96,155.17,156.07,6146712,IBM
2015-01-08,156.24,159.04,155.55,158.42,4241113,IBM
2015-01-12,159.0,159.25,155.76,156.44,4187638,IBM
2015-01-14,154.86,156.49,153.74,155.8,4690294,IBM
2015-01-16,153.82,157.63,153.82,157.14,5756041,IBM
2015-01-21,153.03,154.5,151.07,152.09,11897123,IBM
2015-01-23,155.03,157.6,154.89,155.87,4834847,IBM
2015-01-27,154.94,155.09,152.59,153.67,5659568,IBM
2015-01-29,151.38,155.58,149.52,155.48,8320847,IBM
2015-02-02,154.0,154.66,151.51,154.66,4712247,IBM
2015-02-04,157.21,158.71,156.7,156.96,3678459,IBM
2015-02-06,157.34,158.08,156.23,156.72,3256452,IBM
2015-02-10,156.74,158.56,155.08,158.56,4440614,IBM
2015-02-12,158.72,159.5,158.09,158.52,3333063,IBM
2015-02-17,159.75,161.41,159.73,160.96,2894508,IBM
2015-02-19,162.05,164.49,161.44,163.89,3504380,IBM
2015-02-23,164.23,164.4,162.5,162.91,2714434,IBM
2015-02-25,164.94,164.96,162.58,162.81,4004559,IBM
2015-02-27,161.05,162.29,160.16,161.94,4410037,IBM
2015-03-03,160.27,161.75,160.0,161.03,3234401,IBM
2015-03-05,159.86,161.5,159.7,161.18,3791660,IBM
2015-03-09,158.2,161.15,158.2,160.77,5193874,IBM
2015-03-11,158.57,159.14,155.94,156.8,5709890,IBM
2015-03-13,157.46,157.52,153.4,154.28,6064120,IBM
2015-03-17,156.2,157.29,155.37,156.96,3311943,IBM
2015-03-19,159.7,160.92,158.81,159.81,3878559,IBM
2015-03-23,162.77,165.35,162.73,164.63,5930127,IBM
2015-03-25,163.08,163.08,159.2,159.2,5428930,IBM
2015-03-27,160.79,160.9,159.23,160.4,3477923,IBM
2015-03-31,161.08,162.33,160.4,160.5,4255368,IBM
2015-04-02,159.52,162.54,158.89,160.45,4671578,IBM
2015-04-07,161.67,163.84,161.62,162.07,3147975,IBM
2015-04-09,161.7,162.47,160.72,162.34,2263490,IBM
2015-04-13,162.37,164.0,162.36,162.38,3868911,IBM
2015-04-15,162.63,164.96,162.5,164.13,3498756,IBM
2015-04-17,161.75,161.86,160.03,160.67,4314432,IBM
2015-04-21,166.07,167.38,164.05,164.26,9683592,IBM
2015-04-23,165.23,171.91,165.14,170.24,8235607,IBM
2015-04-27,170.89,171.49,170.3,170.73,3168575,IBM
2015-04-29,173.4,175.13,172.8,174.4,4518381,IBM
2015-05-01,173.2,174.0,172.42,173.67,3312052,IBM
2015-05-05,173.51,174.23,171.96,173.08,3593620,IBM
2015-05-07,169.63,171.98,169.04,170.99,2472687,IBM
2015-05-11,172.65,172.99,170.86,171.12,2661030,IBM
2015-05-13,171.24,172.74,170.75,172.28,2457521,IBM
2015-05-15,173.91,174.41,172.6,173.26,2916579,IBM
2015-05-19,172.97,173.75,171.93,173.48,2523002,IBM
2015-05-21,173.32,174.14,173.04,173.34,2295596,IBM
2015-05-26,172.11,172.12,169.13,170.13,3854170,IBM
2015-05-28,171.45,171.84,170.66,171.71,1731372,IBM
2015-06-01,170.21,171.04,169.03,170.18,2985479,IBM
2015-06-03,170.5,171.56,169.63,169.92,2131031,IBM
2015-06-05,168.25,168.91,167.2,167.4,3100505,IBM
2015-06-09,165.34,166.02,163.37,165.68,3395901,IBM
2015-06-11,169.26,170.44,168.54,168.78,3464013,IBM
2015-06-15,165.33,166.44,164.25,166.26,4245657,IBM
2015-06-17,167.0,167.85,166.1,167.17,2862993,IBM
2015-06-19,167.62,168.42,166.77,166.99,7073984,IBM
2015-06-23,168.38,169.97,167.57,168.62,3701637,IBM
2015-06-25,167.8,168.13,166.08,166.08,2408885,IBM
2015-06-29,163.92,165.35,162.89,162.97,3314684,IBM
2015-07-01,163.97,165.61,163.6,164.49,3214547,IBM
2015-07-06,163.83,165.23,163.52,164.73,3079833,IBM
2015-07-08,164.0,164.94,162.68,163.16,2776286,IBM
2015-07-10,165.66,167.4,165.52,166.95,4538349,IBM
2015-07-14,169.43,169.54,168.24,168.61,3025263,IBM
2015-07-16,169.47,171.09,169.16,171.0,3529874,IBM
2015-07-20,172.79,173.78,172.14,173.22,7377818,IBM
2015-07-22,162.73,163.07,159.7,160.35,7181841,IBM
2015-07-24,161.29,161.93,159.41,159.75,3778186,IBM
2015-07-28,159.91,160.19,158.5,160.05,2721040,IBM
2015-07-30,160.5,161.4,159.75,160.96,1994665,IBM
2015-08-03,161.7,161.85,157.9,158.71,4615682,IBM
2015-08-05,159.1,159.54,157.48,157.9,3472774,IBM
2015-08-07,155.89,156.25,154.34,155.12,3794897,IBM
2015-08-11,155.96,155.99,154.86,155.51,3167111,IBM
2015-08-13,156.06,156.09,154.32,155.07,2533378,IBM
2015-08-17,155.2,156.69,154.7,156.31,2249554,IBM
2015-08-19,155.15,155.67,153.41,153.94,4206381,IBM
2015-08-21,151.5,153.19,148.7,148.85,7318353,IBM
2015-08-25,146.94,147.11,140.62,140.96,6890404,IBM
2015-08-27,148.5,148.97,145.66,148.54,4766402,IBM
2015-08-31,147.38,148.4,146.26,147.89,4081752,IBM
2015-09-02,144.74,145.08,143.18,145.05,4246467,IBM
2015-09-04,144.57,145.4,143.32,143.7,4188495,IBM
2015-09-09,148.74,149.04,144.85,145.05,3383072,IBM
2015-09-11,145.91,147.5,145.67,147.37,3107553,IBM
2015-09-15,146.6,147.93,145.76,147.53,2713625,IBM
2015-09-17,148.1,149.68,147.3,148.14,3953300,IBM
2015-09-21,145.39,146.98,144.92,146.48,3809545,IBM
2015-09-23,144.21,144.57,142.75,143.66,2670476,IBM
2015-09-25,145.55,146.27,144.53,145.42,3457975,IBM
2015-09-29,141.99,142.66,141.15,142.47,4741383,IBM
2015-10-01,145.31,145.67,141.59,143.59,3848431,IBM
2015-10-05,145.82,149.89,145.82,149.04,4997840,IBM
2015-10-07,150.04,150.73,148.86,150.09,2984451,IBM
2015-10-09,152.46,153.15,151.27,152.39,3437658,IBM
2015-10-13,150.78,150.78,149.18,149.62,3866999,IBM
2015-10-15,150.91,151.24,148.58,150.09,3468613,IBM
2015-10-19,149.85,149.97,148.38,149.22,6851605,IBM
2015-10-21,140.25,142.66,139.3,140.92,6990724,IBM
2015-10-23,144.61,145.49,143.7,144.68,5357685,IBM
2015-10-27,143.51,143.83,137.33,137.86,14959822,IBM
2015-10-29,140.36,140.82,139.02,140.55,3703190,IBM
2015-11-02,140.5,140.52,139.57,140.37,3821750,IBM
2015-11-04,142.55,142.65,141.3,141.63,3512977,IBM
2015-11-06,138.6,139.55,137.87,138.25,4736659,IBM
2015-11-10,135.36,135.74,134.12,135.47,4444862,IBM
2015-11-12,134.7,134.7,133.01,133.04,4549589,IBM
2015-11-16,131.79,134.09,131.79,133.71,4163567,IBM
2015-11-18,134.79,135.91,134.26,135.82,4130353,IBM
2015-11-20,137.37,138.92,137.25,138.5,5153279,IBM
2015-11-24,137.65,139.34,137.31,138.6,3358823,IBM
2015-11-27,138.0,138.81,137.21,138.46,1415840,IBM
2015-12-01,139.58,141.4,139.58,141.28,4187445,IBM
2015-12-03,140.1,140.73,138.19,138.92,5909588,IBM
2015-12-07,140.16,140.41,138.81,139.55,3279376,IBM
2015-12-09,137.38,139.84,136.23,136.61,4614993,IBM
2015-12-11,135.23,135.44,133.91,134.57,5333767,IBM
2015-12-15,137.4,138.97,137.28,137.79,4238546,IBM
2015-12-17,139.35,139.5,136.31,136.75,4089539,IBM
2015-12-21,135.83,135.83,134.02,135.5,5617475,IBM
2015-12-23,138.3,139.3,138.11,138.54,5164916,IBM
2015-12-28,137.74,138.04,136.54,137.61,3143412,IBM
2015-12-30,139.58,140.44,139.22,139.34,2989367,IBM
2016-01-04,135.6,135.97,134.24,135.95,5208900,IBM
2016-01-06,134.38,135.58,133.62,135.17,4310939,IBM
2016-01-08,133.18,133.82,131.32,131.63,4762706,IBM
2016-01-12,133.65,133.78,131.13,132.9,5078678,IBM
2016-01-14,131.93,133.79,131.22,132.91,5708301,IBM
2016-01-19,130.11,132.1,128.06,128.11,9703914,IBM
2016-01-21,121.3,125.1,120.58,122.91,8845201,IBM
2016-01-25,122.1,124.23,121.64,122.08,5427835,IBM
2016-01-27,122.73,123.37,120.65,120.96,4999341,IBM
2016-01-29,123.28,124.79,122.96,124.79,8208826,IBM
2016-02-02,123.67,124.14,122.64,122.94,3279196,IBM
2016-02-04,125.08,128.5,125.0,127.65,5240258,IBM
2016-02-08,126.0,127.51,124.13,126.98,7255939,IBM
2016-02-10,125.0,125.29,119.84,120.19,6436823,IBM
2016-02-12,119.26,121.05,118.35,121.04,4921506,IBM
2016-02-17,123.71,126.57,123.25,126.1,4814894,IBM
2016-02-19,132.36,133.65,130.84,133.08,5117316,IBM
2016-02-23,133.14,133.41,132.01,132.4,3372962,IBM
2016-02-25,133.29,134.51,130.88,134.5,4354669,IBM
2016-02-29,132.0,133.36,130.9,131.03,4376341,IBM
2016-03-02,133.7,137.44,133.22,136.3,5168887,IBM
2016-03-04,137.54,139.42,137.02,137.8,3966935,IBM
2016-03-08,139.71,140.35,137.42,139.07,5539956,IBM
2016-03-10,141.24,141.47,138.09,140.19,4018224,IBM
2016-03-14,142.01,143.19,141.04,142.78,4047559,IBM
2016-03-16,142.62,144.88,142.11,144.79,4200019,IBM
2016-03-18,147.4,147.51,145.51,147.09,12081614,IBM
2016-03-22,148.06,149.28,147.84,148.1,4054809,IBM
2016-03-24,144.98,148.22,144.49,147.95,5042895,IBM
2016-03-29,147.59,149.76,147.5,149.33,3127103,IBM
2016-03-31,149.79,153.1,149.36,151.45,6775712,IBM
2016-04-04,152.34,153.52,151.91,152.07,3901552,IBM
2016-04-06,149.9,150.15,147.81,150.02,4179157,IBM
2016-04-08,149.06,149.99,148.12,149.35,3293391,IBM
2016-04-12,149.61,150.11,148.58,149.63,3592693,IBM
2016-04-14,151.5,152.76,150.38,151.16,3163867,IBM
2016-04-18,151.75,153.14,151.49,152.53,5911265,IBM
2016-04-20,144.24,147.2,144.0,146.11,6721442,IBM
2016-04-22,149.44,151.0,147.5,148.5,5190627,IBM
2016-04-26,148.65,149.79,147.9,149.08,2978004,IBM
2016-04-28,149.75,150.18,146.72,147.07,3771853,IBM
2016-05-02,146.56,147.0,144.43,145.27,3499020,IBM
2016-05-04,143.36,145.0,143.31,144.25,2575776,IBM
2016-05-06,144.86,147.97,144.47,147.29,4882514,IBM
2016-05-10,148.24,150.04,147.74,149.97,3982554,IBM
2016-05-12,149.21,149.39,147.11,148.84,3247675,IBM
2016-05-16,147.65,149.99,147.44,149.46,3061873,IBM
2016-05-18,147.99,148.52,146.36,147.34,2482097,IBM
2016-05-20,145.71,147.51,145.55,147.25,3576766,IBM
2016-05-24,146.88,148.75,146.88,148.31,2827106,IBM
2016-05-26,151.55,152.51,151.05,152.44,3042788,IBM
2016-05-31,152.56,153.81,152.27,153.74,5836645,IBM
2016-06-02,152.59,153.5,152.12,153.5,2642601,IBM
2016-06-06,153.09,153.95,152.34,152.73,2378662,IBM
2016-06-08,153.53,154.09,153.04,154.0,2935036,IBM
2016-06-10,152.79,153.33,151.86,152.37,3120563,IBM
2016-06-14,151.28,151.79,150.4,151.06,2865833,IBM
2016-06-16,150.19,151.3,149.0,151.06,2449064,IBM
2016-06-20,152.6,154.67,152.52,153.61,3572102,IBM
2016-06-22,153.75,154.71,152.27,152.92,2833664,IBM
2016-06-24,149.97,150.61,146.18,146.59,9082793,IBM
2016-06-28,144.78,145.73,144.22,145.7,3997694,IBM
2016-06-30,148.86,151.91,148.67,151.78,3967126,IBM
2016-07-05,151.19,152.0,150.76,151.68,2465240,IBM
2016-07-07,152.75,153.69,151.89,152.6,2138421,IBM
2016-07-11,154.6,156.04,154.5,155.33,2833712,IBM
2016-07-13,157.75,158.34,157.06,158.02,2746439,IBM
2016-07-15,159.9,159.98,158.5,159.78,4476810,IBM
2016-07-19,161.78,162.14,157.89,159.58,7120017,IBM
2016-07-21,160.75,161.85,159.89,160.45,4048975,IBM
2016-07-25,162.0,162.88,161.75,162.65,2804578,IBM
2016-07-27,162.12,162.57,161.18,161.83,2162680,IBM
2016-07-29,161.36,161.67,160.03,160.62,3547546,IBM
2016-08-02,161.27,161.45,160.36,160.58,3080899,IBM
2016-08-04,160.86,161.7,160.12,161.55,2489068,IBM
2016-08-08,162.73,163.27,161.58,162.04,3039306,IBM
2016-08-10,162.19,162.66,161.96,162.08,2466675,IBM
2016-08-12,163.19,163.46,161.52,161.95,2543079,IBM
2016-08-16,161.11,161.93,160.69,160.7,2210229,IBM
2016-08-18,160.89,162.0,160.44,161.36,3652013,IBM
2016-08-22,160.0,160.57,159.13,160.0,2039331,IBM
2016-08-24,159.89,160.18,158.32,159.05,3645837,IBM
2016-08-26,158.88,160.44,157.85,158.32,2498909,IBM
2016-08-30,159.76,160.15,158.81,159.4,1813343,IBM
2016-09-01,158.32,159.62,158.1,159.54,2358385,IBM
2016-09-06,159.88,160.86,159.11,160.35,2994056,IBM
2016-09-08,160.55,161.21,158.76,159.0,3963164,IBM
2016-09-12,155.26,158.53,154.84,158.29,4367529,IBM
2016-09-14,155.7,155.87,153.39,154.05,3860553,IBM
2016-09-16,155.04,155.4,153.47,153.84,6463644,IBM
2016-09-20,155.87,156.57,154.45,154.45,2159092,IBM
2016-09-22,156.15,157.22,155.69,156.11,2691115,IBM
2016-09-26,154.46,154.46,153.46,153.98,2533325,IBM
2016-09-28,156.99,158.62,156.23,158.29,3310008,IBM
2016-09-30,158.9,159.84,158.06,158.85,3596878,IBM
2016-10-04,157.67,158.53,155.82,156.46,2884146,IBM
2016-10-06,156.84,157.43,155.89,156.88,1950106,IBM
2016-10-10,156.71,158.49,156.66,157.02,2481288,IBM
2016-10-12,154.97,154.97,153.08,154.29,2963968,IBM
2016-10-14,154.47,155.53,154.09,154.45,4358197,IBM
2016-10-18,150.02,151.0,147.79,150.72,12770570,IBM
2016-10-20,151.28,152.9,151.02,151.52,4023103,IBM
2016-10-24,150.4,151.52,150.4,150.57,2666740,IBM
2016-10-26,150.71,152.94,150.26,151.81,2811728,IBM
2016-10-28,154.05,154.44,152.18,152.61,3654496,IBM
2016-11-01,153.5,153.91,151.74,152.79,3191924,IBM
2016-11-03,152.51,153.74,151.8,152.37,2878803,IBM
2016-11-07,153.99,156.11,153.84,155.72,3804943,IBM
2016-11-09,152.96,155.56,151.0,154.81,5403688,IBM
2016-11-11,159.97,161.34,159.33,161.27,4446630,IBM
2016-11-15,158.42,159.15,157.55,158.67,3476996,IBM
2016-11-17,159.22,159.93,158.85,159.8,2258716,IBM
2016-11-21,160.69,163.0,160.37,162.77,4637097,IBM
2016-11-23,161.94,162.38,161.36,161.98,2256165,IBM
2016-11-28,163.2,164.66,162.7,164.52,4449355,IBM
2016-11-30,163.35,163.8,162.21,162.22,4397817,IBM
2016-12-02,159.0,160.29,158.41,160.02,2740867,IBM
2016-12-06,160.13,160.79,158.93,160.35,2858962,IBM
2016-12-08,164.87,166.0,164.22,165.36,3266436,IBM
2016-12-12,166.72,166.79,165.07,165.5,3392331,IBM
2016-12-14,168.37,169.89,167.45,168.51,4124161,IBM
2016-12-16,168.97,169.11,166.06,166.73,7120572,IBM
2016-12-20,167.49,168.25,166.45,167.6,2174569,IBM
2016-12-22,167.36,168.23,166.58,167.06,2802631,IBM
2016-12-27,166.98,167.98,166.85,167.14,1397455,IBM
2016-12-29,166.02,166.99,166.0,166.6,1663542,IBM
2017-01-03,167.0,167.87,166.01,167.19,2934299,IBM
2017-01-05,169.25,169.39,167.26,168.7,2682301,IBM
2017-01-09,169.47,169.8,167.62,167.65,3189891,IBM
2017-01-11,166.05,167.76,165.6,167.75,3599464,IBM
2017-01-13,167.97,168.48,166.88,167.34,2875433,IBM
2017-01-18,167.45,168.59,166.69,166.8,4007779,IBM
2017-01-20,167.81,170.64,166.0,170.55,12690029,IBM
2017-01-24,171.36,176.0,171.16,175.9,6952369,IBM
2017-01-26,178.06,178.88,177.51,178.66,3063924,IBM
2017-01-30,176.98,177.07,174.58,175.8,4094755,IBM
2017-02-01,175.0,175.7,172.89,174.29,2795745,IBM
2017-02-03,175.0,176.34,174.89,175.82,3309288,IBM
2017-02-07,176.0,178.62,175.9,178.46,3873455,IBM
2017-02-09,176.17,177.8,175.91,177.21,3090710,IBM
2017-02-13,179.24,179.9,178.84,179.36,3093372,IBM
2017-02-15,180.2,181.92,179.81,181.68,2914292,IBM
2017-02-17,181.25,181.57,180.0,180.67,3552495,IBM
2017-02-22,180.09,181.34,180.09,181.15,3020540,IBM
2017-02-24,180.21,181.49,179.89,181.35,3300093,IBM
2017-02-28,179.38,180.63,179.35,179.82,3273420,IBM
2017-03-02,181.88,181.88,180.43,180.53,2918183,IBM
2017-03-06,179.72,180.99,179.57,180.47,3204434,IBM
2017-03-08,180.75,180.95,179.3,179.45,3557396,IBM
2017-03-10,178.21,179.49,177.42,177.83,3100326,IBM
2017-03-14,176.18,176.82,175.21,175.72,3147497,IBM
2017-03-16,178.46,179.0,176.82,177.24,4311848,IBM
2017-03-20,175.65,176.18,175.14,175.7,2476125,IBM
2017-03-22,174.04,175.06,172.8,174.78,3450512,IBM
2017-03-24,175.12,175.5,173.39,173.83,3221675,IBM
2017-03-28,173.94,175.0,173.0,174.51,3523870,IBM
2017-03-30,173.86,174.59,173.69,173.86,3168254,IBM
2017-04-03,173.82,174.87,173.38,174.5,4286498,IBM
2017-04-05,174.7,176.33,172.81,172.88,6238894,IBM
2017-04-07,172.08,172.93,171.28,172.14,3588302,IBM
2017-04-11,170.65,171.23,168.98,170.58,4891911,IBM
2017-04-13,169.92,171.36,169.53,169.53,3205462,IBM
2017-04-18,170.79,171.69,169.83,170.05,6345465,IBM
2017-04-20,161.32,162.4,160.5,162.3,6487379,IBM
2017-04-24,161.29,161.57,160.42,160.75,5320608,IBM
2017-04-26,160.53,161.1,159.89,160.06,4328001,IBM
2017-04-28,160.5,160.59,159.7,160.29,4154147,IBM
2017-05-02,159.44,159.49,158.64,159.1,3208239,IBM
2017-05-04,158.89,159.14,158.36,159.05,4280613,IBM
2017-05-08,152.8,153.47,152.2,153.03,7491966,IBM
2017-05-10,151.65,152.37,151.13,151.25,4999861,IBM
2017-05-12,150.3,151.26,150.0,150.37,3715702,IBM
2017-05-16,151.66,153.99,151.66,153.68,5513690,IBM
2017-05-18,150.86,151.33,150.11,150.78,3274371,IBM
2017-05-22,152.1,152.84,151.6,152.64,3302539,IBM
2017-05-24,152.21,152.76,151.23,152.51,3732399,IBM
2017-05-26,152.85,153.0,152.06,152.49,2443507,IBM
2017-05-31,152.03,152.8,151.65,152.63,3543404,IBM
2017-06-02,153.07,153.2,151.8,152.05,3585701,IBM
2017-06-06,152.0,152.89,152.0,152.37,3797173,IBM
2017-06-08,151.0,152.82,150.92,152.1,3708962,IBM
2017-06-12,154.19,157.2,154.02,155.18,6471479,IBM
2017-06-14,153.97,154.94,152.94,153.81,3049726,IBM
2017-06-16,154.23,155.42,152.97,155.38,6741963,IBM
2017-06-20,154.48,155.39,154.25,154.95,4481843,IBM
2017-06-22,154.55,154.99,153.69,154.4,2376819,IBM
2017-06-26,154.71,155.75,154.63,155.23,2153494,IBM
2017-06-28,155.15,155.55,154.78,155.32,2220954,IBM
2017-06-30,154.28,154.5,153.14,153.83,3571536,IBM
2017-07-05,155.77,155.89,153.63,153.67,3564354,IBM
2017-07-07,152.62,153.49,152.14,152.94,2460060,IBM
2017-07-11,153.26,153.65,152.05,153.19,3447509,IBM
2017-07-13,153.7,154.19,153.19,153.63,2476112,IBM
2017-07-17,153.59,153.88,152.24,153.01,4762592,IBM
2017-07-19,150.02,150.25,146.71,147.53,14293610,IBM
2017-07-21,147.59,147.87,146.51,147.08,6509459,IBM
2017-07-25,146.57,147.49,146.03,146.19,4208895,IBM
2017-07-27,145.0,145.4,143.64,145.07,6430841,IBM
2017-07-31,,144.93,,144.67,4355718,IBM
2017-08-02,145.12,145.29,144.22,144.45,3540949,IBM
2017-08-04,145.0,145.39,144.4,145.16,2549400,IBM
2017-08-08,142.0,142.76,142.0,142.11,3298718,IBM
2017-08-10,141.64,142.42,141.23,141.84,4525378,IBM
2017-08-14,142.0,142.76,141.94,142.32,2248607,IBM
2017-08-16,141.79,142.91,141.61,142.5,3287821,IBM
2017-08-18,140.87,141.15,139.58,139.7,4152714,IBM
2017-08-22,140.64,141.15,140.38,141.01,2544446,IBM
2017-08-24,142.5,143.68,142.25,142.94,3592183,IBM
2017-08-28,144.11,144.56,142.39,142.51,5134463,IBM
2017-08-30,143.26,143.28,142.41,142.56,2735966,IBM
2017-09-01,142.98,144.5,142.98,144.08,3351733,IBM
2017-09-06,143.88,144.47,143.5,143.82,3273344,IBM
2017-09-08,143.15,143.15,141.64,142.45,3366169,IBM
2017-09-12,145.11,146.37,144.51,145.76,5238148,IBM
2017-09-14,145.86,146.38,145.51,145.54,3756861,IBM
2017-09-18,144.81,145.48,144.27,144.55,3019514,IBM
2017-09-20,144.93,145.88,144.42,145.88,5447519,IBM
2017-09-22,145.59,145.59,144.59,145.13,2792323,IBM
2017-09-26,146.36,147.42,145.94,146.56,4488620,IBM
2017-09-28,145.33,145.86,144.21,145.66,2774788,IBM
2017-10-02,145.35,146.86,145.21,146.66,2973224,IBM
2017-10-04,147.0,147.02,146.11,146.48,2244433,IBM
2017-10-06,146.64,146.85,146.32,146.48,2623184,IBM
2017-10-10,147.71,148.95,147.65,148.5,4032601,IBM
2017-10-12,147.56,147.89,146.77,147.03,3264344,IBM
2017-10-16,147.22,147.67,146.51,146.83,3052091,IBM
2017-10-18,157.12,161.23,156.95,159.53,30490192,IBM
2017-10-20,161.07,162.48,159.77,162.07,7868803,IBM
2017-10-24,159.65,159.7,155.17,155.88,8194690,IBM
2017-10-26,154.31,155.12,153.54,153.6,4300543,IBM
2017-10-30,153.76,154.59,152.71,154.36,4210402,IBM
2017-11-01,154.1,154.9,153.83,154.03,3240246,IBM
2017-11-03,153.42,153.47,151.49,151.58,4431825,IBM
2017-11-07,151.37,151.51,150.5,151.35,3701052,IBM
2017-11-09,149.93,151.8,149.86,150.3,4776532,IBM
2017-11-13,148.88,149.0,147.92,148.4,5107546,IBM
2017-11-15,148.0,148.7,146.21,147.1,4773328,IBM
2017-11-17,149.34,150.15,148.83,148.97,4916500,IBM
2017-11-21,151.3,152.45,151.2,151.95,3756184,IBM
2017-11-24,151.95,152.2,151.33,151.84,1193025,IBM
2017-11-28,152.35,152.93,151.7,152.47,3973670,IBM
2017-11-30,153.65,154.41,153.08,153.97,6500769,IBM
2017-12-04,155.96,156.8,155.07,156.46,4664316,IBM
2017-12-06,154.1,156.22,154.09,154.1,3410728,IBM
2017-12-08,154.81,155.03,153.55,154.81,3520281,IBM
2017-12-12,156.74,157.85,155.16,156.74,6321801,IBM
2017-12-14,154.6,155.11,153.7,154.0,4637440,IBM
2017-12-18,153.59,154.18,153.21,153.33,5092838,IBM
2017-12-20,153.65,153.89,152.78,152.95,3785667,IBM
2017-12-22,151.82,153.0,151.5,152.5,2990583,IBM
2017-12-27,152.95,153.18,152.61,153.13,2149257,IBM
2017-12-29,154.17,154.72,153.42,153.42,3327087,IBM
